Country Name,Year,Indicator Name,Value,Indicator Code
Sri Lanka,2023,"ICT service exports (BoP, current US$)",916674338.0,IND_1
Sri Lanka,2022,"ICT service exports (BoP, current US$)",1097091809.0,IND_1
Sri Lanka,2021,"ICT service exports (BoP, current US$)",1200700000.0,IND_1
Sri Lanka,2020,"ICT service exports (BoP, current US$)",994802008.7,IND_1
Sri Lanka,2019,"ICT service exports (BoP, current US$)",1054035000.0,IND_1
Sri Lanka,2018,"ICT service exports (BoP, current US$)",994971000.0,IND_1
Sri Lanka,2017,"ICT service exports (BoP, current US$)",925665482.3,IND_1
Sri Lanka,2016,"ICT service exports (BoP, current US$)",858350439.0,IND_1
Sri Lanka,2015,"ICT service exports (BoP, current US$)",804862002.1,IND_1
Sri Lanka,2014,"ICT service exports (BoP, current US$)",747900217.7,IND_1
Sri Lanka,2013,"ICT service exports (BoP, current US$)",718662065.6,IND_1
Sri Lanka,2012,"ICT service exports (BoP, current US$)",672914000.0,IND_1
Sri Lanka,2011,"ICT service exports (BoP, current US$)",440220000.0,IND_1
Sri Lanka,2010,"ICT service exports (BoP, current US$)",348300000.0,IND_1
Sri Lanka,2009,"ICT service exports (BoP, current US$)",324700000.0,IND_1
Sri Lanka,2008,"ICT service exports (BoP, current US$)",310500000.0,IND_1
Sri Lanka,2007,"ICT service exports (BoP, current US$)",247200000.0,IND_1
Sri Lanka,2006,"ICT service exports (BoP, current US$)",165900000.0,IND_1
Sri Lanka,2005,"ICT service exports (BoP, current US$)",126340000.0,IND_1
Sri Lanka,2004,"ICT service exports (BoP, current US$)",114810000.0,IND_1
Sri Lanka,2003,"ICT service exports (BoP, current US$)",117820000.0,IND_1
Sri Lanka,2002,"ICT service exports (BoP, current US$)",118940000.0,IND_1
Sri Lanka,2001,"ICT service exports (BoP, current US$)",106020000.0,IND_1
Sri Lanka,2000,"ICT service exports (BoP, current US$)",45311853.5,IND_1
Sri Lanka,2023,"ICT service exports (% of service exports, BoP)",16.92441899,IND_2
Sri Lanka,2022,"ICT service exports (% of service exports, BoP)",35.82548239,IND_2
Sri Lanka,2021,"ICT service exports (% of service exports, BoP)",48.51402243,IND_2
Sri Lanka,2020,"ICT service exports (% of service exports, BoP)",32.77363841,IND_2
Sri Lanka,2019,"ICT service exports (% of service exports, BoP)",14.10210399,IND_2
Sri Lanka,2018,"ICT service exports (% of service exports, BoP)",11.88144465,IND_2
Sri Lanka,2017,"ICT service exports (% of service exports, BoP)",11.98464465,IND_2
Sri Lanka,2016,"ICT service exports (% of service exports, BoP)",12.0248893,IND_2
Sri Lanka,2015,"ICT service exports (% of service exports, BoP)",12.58252938,IND_2
Sri Lanka,2014,"ICT service exports (% of service exports, BoP)",13.34354937,IND_2
Sri Lanka,2013,"ICT service exports (% of service exports, BoP)",15.3393726,IND_2
Sri Lanka,2012,"ICT service exports (% of service exports, BoP)",17.70866856,IND_2
Sri Lanka,2011,"ICT service exports (% of service exports, BoP)",14.27487451,IND_2
Sri Lanka,2010,"ICT service exports (% of service exports, BoP)",14.0773344,IND_2
Sri Lanka,2009,"ICT service exports (% of service exports, BoP)",17.15810611,IND_2
Sri Lanka,2008,"ICT service exports (% of service exports, BoP)",15.50639233,IND_2
Sri Lanka,2007,"ICT service exports (% of service exports, BoP)",13.92676056,IND_2
Sri Lanka,2006,"ICT service exports (% of service exports, BoP)",10.20980252,IND_2
Sri Lanka,2005,"ICT service exports (% of service exports, BoP)",8.203204904,IND_2
Sri Lanka,2004,"ICT service exports (% of service exports, BoP)",7.520634089,IND_2
Sri Lanka,2003,"ICT service exports (% of service exports, BoP)",8.352000454,IND_2
Sri Lanka,2002,"ICT service exports (% of service exports, BoP)",9.377907435,IND_2
Sri Lanka,2001,"ICT service exports (% of service exports, BoP)",7.821756612,IND_2
Sri Lanka,2000,"ICT service exports (% of service exports, BoP)",4.827033918,IND_2
Sri Lanka,2021,"Annual freshwater withdrawals, agriculture (% of total freshwater withdrawal)",87.36289201,IND_3
Sri Lanka,2020,"Annual freshwater withdrawals, agriculture (% of total freshwater withdrawal)",87.36289201,IND_3
Sri Lanka,2019,"Annual freshwater withdrawals, agriculture (% of total freshwater withdrawal)",87.36289201,IND_3
Sri Lanka,2018,"Annual freshwater withdrawals, agriculture (% of total freshwater withdrawal)",87.36289201,IND_3
Sri Lanka,2017,"Annual freshwater withdrawals, agriculture (% of total freshwater withdrawal)",87.36289201,IND_3
Sri Lanka,2016,"Annual freshwater withdrawals, agriculture (% of total freshwater withdrawal)",87.36289201,IND_3
Sri Lanka,2015,"Annual freshwater withdrawals, agriculture (% of total freshwater withdrawal)",87.36289201,IND_3
Sri Lanka,2014,"Annual freshwater withdrawals, agriculture (% of total freshwater withdrawal)",87.36289201,IND_3
Sri Lanka,2013,"Annual freshwater withdrawals, agriculture (% of total freshwater withdrawal)",87.36289201,IND_3
Sri Lanka,2012,"Annual freshwater withdrawals, agriculture (% of total freshwater withdrawal)",87.36289201,IND_3
Sri Lanka,2011,"Annual freshwater withdrawals, agriculture (% of total freshwater withdrawal)",87.36289201,IND_3
Sri Lanka,2010,"Annual freshwater withdrawals, agriculture (% of total freshwater withdrawal)",87.36289201,IND_3
Sri Lanka,2009,"Annual freshwater withdrawals, agriculture (% of total freshwater withdrawal)",87.36289201,IND_3
Sri Lanka,2008,"Annual freshwater withdrawals, agriculture (% of total freshwater withdrawal)",87.36289201,IND_3
Sri Lanka,2007,"Annual freshwater withdrawals, agriculture (% of total freshwater withdrawal)",87.36289201,IND_3
Sri Lanka,2006,"Annual freshwater withdrawals, agriculture (% of total freshwater withdrawal)",87.36289201,IND_3
Sri Lanka,2005,"Annual freshwater withdrawals, agriculture (% of total freshwater withdrawal)",87.36289201,IND_3
Sri Lanka,2004,"Annual freshwater withdrawals, agriculture (% of total freshwater withdrawal)",88.34069506,IND_3
Sri Lanka,2003,"Annual freshwater withdrawals, agriculture (% of total freshwater withdrawal)",89.31655031,IND_3
Sri Lanka,2002,"Annual freshwater withdrawals, agriculture (% of total freshwater withdrawal)",90.29046359,IND_3
Sri Lanka,2001,"Annual freshwater withdrawals, agriculture (% of total freshwater withdrawal)",91.26244068,IND_3
Sri Lanka,2000,"Annual freshwater withdrawals, agriculture (% of total freshwater withdrawal)",92.23248736,IND_3
Sri Lanka,1999,"Annual freshwater withdrawals, agriculture (% of total freshwater withdrawal)",92.523198,IND_3
Sri Lanka,1998,"Annual freshwater withdrawals, agriculture (% of total freshwater withdrawal)",92.82915449,IND_3
Sri Lanka,1997,"Annual freshwater withdrawals, agriculture (% of total freshwater withdrawal)",93.15158845,IND_3
Sri Lanka,1996,"Annual freshwater withdrawals, agriculture (% of total freshwater withdrawal)",93.49186782,IND_3
Sri Lanka,1995,"Annual freshwater withdrawals, agriculture (% of total freshwater withdrawal)",93.85151627,IND_3
Sri Lanka,1994,"Annual freshwater withdrawals, agriculture (% of total freshwater withdrawal)",94.232236,IND_3
Sri Lanka,1993,"Annual freshwater withdrawals, agriculture (% of total freshwater withdrawal)",94.63593471,IND_3
Sri Lanka,1992,"Annual freshwater withdrawals, agriculture (% of total freshwater withdrawal)",95.06475754,IND_3
Sri Lanka,1991,"Annual freshwater withdrawals, agriculture (% of total freshwater withdrawal)",95.5211252,IND_3
Sri Lanka,1990,"Annual freshwater withdrawals, agriculture (% of total freshwater withdrawal)",96.00777971,IND_3
Sri Lanka,2021,"Annual freshwater withdrawals, domestic (% of total freshwater withdrawal)",6.218136876,IND_4
Sri Lanka,2020,"Annual freshwater withdrawals, domestic (% of total freshwater withdrawal)",6.218136876,IND_4
Sri Lanka,2019,"Annual freshwater withdrawals, domestic (% of total freshwater withdrawal)",6.218136876,IND_4
Sri Lanka,2018,"Annual freshwater withdrawals, domestic (% of total freshwater withdrawal)",6.218136876,IND_4
Sri Lanka,2017,"Annual freshwater withdrawals, domestic (% of total freshwater withdrawal)",6.218136876,IND_4
Sri Lanka,2016,"Annual freshwater withdrawals, domestic (% of total freshwater withdrawal)",6.218136876,IND_4
Sri Lanka,2015,"Annual freshwater withdrawals, domestic (% of total freshwater withdrawal)",6.218136876,IND_4
Sri Lanka,2014,"Annual freshwater withdrawals, domestic (% of total freshwater withdrawal)",6.218136876,IND_4
Sri Lanka,2013,"Annual freshwater withdrawals, domestic (% of total freshwater withdrawal)",6.218136876,IND_4
Sri Lanka,2012,"Annual freshwater withdrawals, domestic (% of total freshwater withdrawal)",6.218136876,IND_4
Sri Lanka,2011,"Annual freshwater withdrawals, domestic (% of total freshwater withdrawal)",6.218136876,IND_4
Sri Lanka,2010,"Annual freshwater withdrawals, domestic (% of total freshwater withdrawal)",6.218136876,IND_4
Sri Lanka,2009,"Annual freshwater withdrawals, domestic (% of total freshwater withdrawal)",6.218136876,IND_4
Sri Lanka,2008,"Annual freshwater withdrawals, domestic (% of total freshwater withdrawal)",6.218136876,IND_4
Sri Lanka,2007,"Annual freshwater withdrawals, domestic (% of total freshwater withdrawal)",6.218136876,IND_4
Sri Lanka,2006,"Annual freshwater withdrawals, domestic (% of total freshwater withdrawal)",6.218136876,IND_4
Sri Lanka,2005,"Annual freshwater withdrawals, domestic (% of total freshwater withdrawal)",6.218136876,IND_4
Sri Lanka,2004,"Annual freshwater withdrawals, domestic (% of total freshwater withdrawal)",5.73658916,IND_4
Sri Lanka,2003,"Annual freshwater withdrawals, domestic (% of total freshwater withdrawal)",5.256000691,IND_4
Sri Lanka,2002,"Annual freshwater withdrawals, domestic (% of total freshwater withdrawal)",4.776368604,IND_4
Sri Lanka,2001,"Annual freshwater withdrawals, domestic (% of total freshwater withdrawal)",4.297690049,IND_4
Sri Lanka,2000,"Annual freshwater withdrawals, domestic (% of total freshwater withdrawal)",3.819962185,IND_4
Sri Lanka,1999,"Annual freshwater withdrawals, domestic (% of total freshwater withdrawal)",3.679519235,IND_4
Sri Lanka,1998,"Annual freshwater withdrawals, domestic (% of total freshwater withdrawal)",3.531710979,IND_4
Sri Lanka,1997,"Annual freshwater withdrawals, domestic (% of total freshwater withdrawal)",3.375942423,IND_4
Sri Lanka,1996,"Annual freshwater withdrawals, domestic (% of total freshwater withdrawal)",3.211552712,IND_4
Sri Lanka,1995,"Annual freshwater withdrawals, domestic (% of total freshwater withdrawal)",3.037805756,IND_4
Sri Lanka,1994,"Annual freshwater withdrawals, domestic (% of total freshwater withdrawal)",2.853879215,IND_4
Sri Lanka,1993,"Annual freshwater withdrawals, domestic (% of total freshwater withdrawal)",2.65885148,IND_4
Sri Lanka,1992,"Annual freshwater withdrawals, domestic (% of total freshwater withdrawal)",2.45168623,IND_4
Sri Lanka,1991,"Annual freshwater withdrawals, domestic (% of total freshwater withdrawal)",2.23121401,IND_4
Sri Lanka,1990,"Annual freshwater withdrawals, domestic (% of total freshwater withdrawal)",1.996110144,IND_4
Sri Lanka,2021,"Annual freshwater withdrawals, industry (% of total freshwater withdrawal)",6.418971111,IND_5
Sri Lanka,2020,"Annual freshwater withdrawals, industry (% of total freshwater withdrawal)",6.418971111,IND_5
Sri Lanka,2019,"Annual freshwater withdrawals, industry (% of total freshwater withdrawal)",6.418971111,IND_5
Sri Lanka,2018,"Annual freshwater withdrawals, industry (% of total freshwater withdrawal)",6.418971111,IND_5
Sri Lanka,2017,"Annual freshwater withdrawals, industry (% of total freshwater withdrawal)",6.418971111,IND_5
Sri Lanka,2016,"Annual freshwater withdrawals, industry (% of total freshwater withdrawal)",6.418971111,IND_5
Sri Lanka,2015,"Annual freshwater withdrawals, industry (% of total freshwater withdrawal)",6.418971111,IND_5
Sri Lanka,2014,"Annual freshwater withdrawals, industry (% of total freshwater withdrawal)",6.418971111,IND_5
Sri Lanka,2013,"Annual freshwater withdrawals, industry (% of total freshwater withdrawal)",6.418971111,IND_5
Sri Lanka,2012,"Annual freshwater withdrawals, industry (% of total freshwater withdrawal)",6.418971111,IND_5
Sri Lanka,2011,"Annual freshwater withdrawals, industry (% of total freshwater withdrawal)",6.418971111,IND_5
Sri Lanka,2010,"Annual freshwater withdrawals, industry (% of total freshwater withdrawal)",6.418971111,IND_5
Sri Lanka,2009,"Annual freshwater withdrawals, industry (% of total freshwater withdrawal)",6.418971111,IND_5
Sri Lanka,2008,"Annual freshwater withdrawals, industry (% of total freshwater withdrawal)",6.418971111,IND_5
Sri Lanka,2007,"Annual freshwater withdrawals, industry (% of total freshwater withdrawal)",6.418971111,IND_5
Sri Lanka,2006,"Annual freshwater withdrawals, industry (% of total freshwater withdrawal)",6.418971111,IND_5
Sri Lanka,2005,"Annual freshwater withdrawals, industry (% of total freshwater withdrawal)",6.418971111,IND_5
Sri Lanka,2004,"Annual freshwater withdrawals, industry (% of total freshwater withdrawal)",5.922715782,IND_5
Sri Lanka,2003,"Annual freshwater withdrawals, industry (% of total freshwater withdrawal)",5.427448997,IND_5
Sri Lanka,2002,"Annual freshwater withdrawals, industry (% of total freshwater withdrawal)",4.933167806,IND_5
Sri Lanka,2001,"Annual freshwater withdrawals, industry (% of total freshwater withdrawal)",4.439869269,IND_5
Sri Lanka,2000,"Annual freshwater withdrawals, industry (% of total freshwater withdrawal)",3.947550459,IND_5
Sri Lanka,1999,"Annual freshwater withdrawals, industry (% of total freshwater withdrawal)",3.797282768,IND_5
Sri Lanka,1998,"Annual freshwater withdrawals, industry (% of total freshwater withdrawal)",3.639134529,IND_5
Sri Lanka,1997,"Annual freshwater withdrawals, industry (% of total freshwater withdrawal)",3.472469123,IND_5
Sri Lanka,1996,"Annual freshwater withdrawals, industry (% of total freshwater withdrawal)",3.296579466,IND_5
Sri Lanka,1995,"Annual freshwater withdrawals, industry (% of total freshwater withdrawal)",3.110677975,IND_5
Sri Lanka,1994,"Annual freshwater withdrawals, industry (% of total freshwater withdrawal)",2.913884782,IND_5
Sri Lanka,1993,"Annual freshwater withdrawals, industry (% of total freshwater withdrawal)",2.705213807,IND_5
Sri Lanka,1992,"Annual freshwater withdrawals, industry (% of total freshwater withdrawal)",2.483556231,IND_5
Sri Lanka,1991,"Annual freshwater withdrawals, industry (% of total freshwater withdrawal)",2.247660792,IND_5
Sri Lanka,1990,"Annual freshwater withdrawals, industry (% of total freshwater withdrawal)",1.996110144,IND_5
Sri Lanka,2021,"Annual freshwater withdrawals, total (billion cubic meters)",12.946,IND_6
Sri Lanka,2020,"Annual freshwater withdrawals, total (billion cubic meters)",12.946,IND_6
Sri Lanka,2019,"Annual freshwater withdrawals, total (billion cubic meters)",12.946,IND_6
Sri Lanka,2018,"Annual freshwater withdrawals, total (billion cubic meters)",12.946,IND_6
Sri Lanka,2017,"Annual freshwater withdrawals, total (billion cubic meters)",12.946,IND_6
Sri Lanka,2016,"Annual freshwater withdrawals, total (billion cubic meters)",12.946,IND_6
Sri Lanka,2015,"Annual freshwater withdrawals, total (billion cubic meters)",12.946,IND_6
Sri Lanka,2014,"Annual freshwater withdrawals, total (billion cubic meters)",12.946,IND_6
Sri Lanka,2013,"Annual freshwater withdrawals, total (billion cubic meters)",12.946,IND_6
Sri Lanka,2012,"Annual freshwater withdrawals, total (billion cubic meters)",12.946,IND_6
Sri Lanka,2011,"Annual freshwater withdrawals, total (billion cubic meters)",12.946,IND_6
Sri Lanka,2010,"Annual freshwater withdrawals, total (billion cubic meters)",12.946,IND_6
Sri Lanka,2009,"Annual freshwater withdrawals, total (billion cubic meters)",12.946,IND_6
Sri Lanka,2008,"Annual freshwater withdrawals, total (billion cubic meters)",12.946,IND_6
Sri Lanka,2007,"Annual freshwater withdrawals, total (billion cubic meters)",12.946,IND_6
Sri Lanka,2006,"Annual freshwater withdrawals, total (billion cubic meters)",12.946,IND_6
Sri Lanka,2005,"Annual freshwater withdrawals, total (billion cubic meters)",12.946,IND_6
Sri Lanka,2004,"Annual freshwater withdrawals, total (billion cubic meters)",12.95892,IND_6
Sri Lanka,2003,"Annual freshwater withdrawals, total (billion cubic meters)",12.97184,IND_6
Sri Lanka,2002,"Annual freshwater withdrawals, total (billion cubic meters)",12.98476,IND_6
Sri Lanka,2001,"Annual freshwater withdrawals, total (billion cubic meters)",12.99768,IND_6
Sri Lanka,2000,"Annual freshwater withdrawals, total (billion cubic meters)",13.0106,IND_6
Sri Lanka,1999,"Annual freshwater withdrawals, total (billion cubic meters)",12.68644,IND_6
Sri Lanka,1998,"Annual freshwater withdrawals, total (billion cubic meters)",12.36228,IND_6
Sri Lanka,1997,"Annual freshwater withdrawals, total (billion cubic meters)",12.03812,IND_6
Sri Lanka,1996,"Annual freshwater withdrawals, total (billion cubic meters)",11.71396,IND_6
Sri Lanka,1995,"Annual freshwater withdrawals, total (billion cubic meters)",11.3898,IND_6
Sri Lanka,1994,"Annual freshwater withdrawals, total (billion cubic meters)",11.06564,IND_6
Sri Lanka,1993,"Annual freshwater withdrawals, total (billion cubic meters)",10.74148,IND_6
Sri Lanka,1992,"Annual freshwater withdrawals, total (billion cubic meters)",10.41732,IND_6
Sri Lanka,1991,"Annual freshwater withdrawals, total (billion cubic meters)",10.09316,IND_6
Sri Lanka,1990,"Annual freshwater withdrawals, total (billion cubic meters)",9.769,IND_6
Sri Lanka,2021,"Annual freshwater withdrawals, total (% of internal resources)",24.51893939,IND_7
Sri Lanka,2020,"Annual freshwater withdrawals, total (% of internal resources)",24.51893939,IND_7
Sri Lanka,2019,"Annual freshwater withdrawals, total (% of internal resources)",24.51893939,IND_7
Sri Lanka,2018,"Annual freshwater withdrawals, total (% of internal resources)",24.51893939,IND_7
Sri Lanka,2017,"Annual freshwater withdrawals, total (% of internal resources)",24.51893939,IND_7
Sri Lanka,2016,"Annual freshwater withdrawals, total (% of internal resources)",24.51893939,IND_7
Sri Lanka,2015,"Annual freshwater withdrawals, total (% of internal resources)",24.51893939,IND_7
Sri Lanka,2014,"Annual freshwater withdrawals, total (% of internal resources)",24.51893939,IND_7
Sri Lanka,2013,"Annual freshwater withdrawals, total (% of internal resources)",24.51893939,IND_7
Sri Lanka,2012,"Annual freshwater withdrawals, total (% of internal resources)",24.51893939,IND_7
Sri Lanka,2011,"Annual freshwater withdrawals, total (% of internal resources)",24.51893939,IND_7
Sri Lanka,2010,"Annual freshwater withdrawals, total (% of internal resources)",24.51893939,IND_7
Sri Lanka,2009,"Annual freshwater withdrawals, total (% of internal resources)",24.51893939,IND_7
Sri Lanka,2008,"Annual freshwater withdrawals, total (% of internal resources)",24.51893939,IND_7
Sri Lanka,2007,"Annual freshwater withdrawals, total (% of internal resources)",24.51893939,IND_7
Sri Lanka,2006,"Annual freshwater withdrawals, total (% of internal resources)",24.51893939,IND_7
Sri Lanka,2005,"Annual freshwater withdrawals, total (% of internal resources)",24.51893939,IND_7
Sri Lanka,2004,"Annual freshwater withdrawals, total (% of internal resources)",24.54340909,IND_7
Sri Lanka,2003,"Annual freshwater withdrawals, total (% of internal resources)",24.56787879,IND_7
Sri Lanka,2002,"Annual freshwater withdrawals, total (% of internal resources)",24.59234848,IND_7
Sri Lanka,2001,"Annual freshwater withdrawals, total (% of internal resources)",24.61681818,IND_7
Sri Lanka,2000,"Annual freshwater withdrawals, total (% of internal resources)",24.64128788,IND_7
Sri Lanka,1999,"Annual freshwater withdrawals, total (% of internal resources)",24.02734848,IND_7
Sri Lanka,1998,"Annual freshwater withdrawals, total (% of internal resources)",23.41340909,IND_7
Sri Lanka,1997,"Annual freshwater withdrawals, total (% of internal resources)",22.7994697,IND_7
Sri Lanka,1996,"Annual freshwater withdrawals, total (% of internal resources)",22.1855303,IND_7
Sri Lanka,1995,"Annual freshwater withdrawals, total (% of internal resources)",21.57159091,IND_7
Sri Lanka,1994,"Annual freshwater withdrawals, total (% of internal resources)",20.95765152,IND_7
Sri Lanka,1993,"Annual freshwater withdrawals, total (% of internal resources)",20.34371212,IND_7
Sri Lanka,1992,"Annual freshwater withdrawals, total (% of internal resources)",19.72977273,IND_7
Sri Lanka,1991,"Annual freshwater withdrawals, total (% of internal resources)",19.11583333,IND_7
Sri Lanka,1990,"Annual freshwater withdrawals, total (% of internal resources)",18.50189394,IND_7
Sri Lanka,2021,"Renewable internal freshwater resources, total (billion cubic meters)",52.8,IND_8
Sri Lanka,2020,"Renewable internal freshwater resources, total (billion cubic meters)",52.8,IND_8
Sri Lanka,2019,"Renewable internal freshwater resources, total (billion cubic meters)",52.8,IND_8
Sri Lanka,2018,"Renewable internal freshwater resources, total (billion cubic meters)",52.8,IND_8
Sri Lanka,2017,"Renewable internal freshwater resources, total (billion cubic meters)",52.8,IND_8
Sri Lanka,2016,"Renewable internal freshwater resources, total (billion cubic meters)",52.8,IND_8
Sri Lanka,2015,"Renewable internal freshwater resources, total (billion cubic meters)",52.8,IND_8
Sri Lanka,2014,"Renewable internal freshwater resources, total (billion cubic meters)",52.8,IND_8
Sri Lanka,2013,"Renewable internal freshwater resources, total (billion cubic meters)",52.8,IND_8
Sri Lanka,2012,"Renewable internal freshwater resources, total (billion cubic meters)",52.8,IND_8
Sri Lanka,2011,"Renewable internal freshwater resources, total (billion cubic meters)",52.8,IND_8
Sri Lanka,2010,"Renewable internal freshwater resources, total (billion cubic meters)",52.8,IND_8
Sri Lanka,2009,"Renewable internal freshwater resources, total (billion cubic meters)",52.8,IND_8
Sri Lanka,2008,"Renewable internal freshwater resources, total (billion cubic meters)",52.8,IND_8
Sri Lanka,2007,"Renewable internal freshwater resources, total (billion cubic meters)",52.8,IND_8
Sri Lanka,2006,"Renewable internal freshwater resources, total (billion cubic meters)",52.8,IND_8
Sri Lanka,2005,"Renewable internal freshwater resources, total (billion cubic meters)",52.8,IND_8
Sri Lanka,2004,"Renewable internal freshwater resources, total (billion cubic meters)",52.8,IND_8
Sri Lanka,2003,"Renewable internal freshwater resources, total (billion cubic meters)",52.8,IND_8
Sri Lanka,2002,"Renewable internal freshwater resources, total (billion cubic meters)",52.8,IND_8
Sri Lanka,2001,"Renewable internal freshwater resources, total (billion cubic meters)",52.8,IND_8
Sri Lanka,2000,"Renewable internal freshwater resources, total (billion cubic meters)",52.8,IND_8
Sri Lanka,1999,"Renewable internal freshwater resources, total (billion cubic meters)",52.8,IND_8
Sri Lanka,1998,"Renewable internal freshwater resources, total (billion cubic meters)",52.8,IND_8
Sri Lanka,1997,"Renewable internal freshwater resources, total (billion cubic meters)",52.8,IND_8
Sri Lanka,1996,"Renewable internal freshwater resources, total (billion cubic meters)",52.8,IND_8
Sri Lanka,1995,"Renewable internal freshwater resources, total (billion cubic meters)",52.8,IND_8
Sri Lanka,1994,"Renewable internal freshwater resources, total (billion cubic meters)",52.8,IND_8
Sri Lanka,1993,"Renewable internal freshwater resources, total (billion cubic meters)",52.8,IND_8
Sri Lanka,1992,"Renewable internal freshwater resources, total (billion cubic meters)",52.8,IND_8
Sri Lanka,1991,"Renewable internal freshwater resources, total (billion cubic meters)",52.8,IND_8
Sri Lanka,1990,"Renewable internal freshwater resources, total (billion cubic meters)",52.8,IND_8
Sri Lanka,1989,"Renewable internal freshwater resources, total (billion cubic meters)",52.8,IND_8
Sri Lanka,1988,"Renewable internal freshwater resources, total (billion cubic meters)",52.8,IND_8
Sri Lanka,1987,"Renewable internal freshwater resources, total (billion cubic meters)",52.8,IND_8
Sri Lanka,1986,"Renewable internal freshwater resources, total (billion cubic meters)",52.8,IND_8
Sri Lanka,1985,"Renewable internal freshwater resources, total (billion cubic meters)",52.8,IND_8
Sri Lanka,1984,"Renewable internal freshwater resources, total (billion cubic meters)",52.8,IND_8
Sri Lanka,1983,"Renewable internal freshwater resources, total (billion cubic meters)",52.8,IND_8
Sri Lanka,1982,"Renewable internal freshwater resources, total (billion cubic meters)",52.8,IND_8
Sri Lanka,1981,"Renewable internal freshwater resources, total (billion cubic meters)",52.8,IND_8
Sri Lanka,1980,"Renewable internal freshwater resources, total (billion cubic meters)",52.8,IND_8
Sri Lanka,1979,"Renewable internal freshwater resources, total (billion cubic meters)",52.8,IND_8
Sri Lanka,1978,"Renewable internal freshwater resources, total (billion cubic meters)",52.8,IND_8
Sri Lanka,1977,"Renewable internal freshwater resources, total (billion cubic meters)",52.8,IND_8
Sri Lanka,1976,"Renewable internal freshwater resources, total (billion cubic meters)",52.8,IND_8
Sri Lanka,1975,"Renewable internal freshwater resources, total (billion cubic meters)",52.8,IND_8
Sri Lanka,1974,"Renewable internal freshwater resources, total (billion cubic meters)",52.8,IND_8
Sri Lanka,1973,"Renewable internal freshwater resources, total (billion cubic meters)",52.8,IND_8
Sri Lanka,1972,"Renewable internal freshwater resources, total (billion cubic meters)",52.8,IND_8
Sri Lanka,1971,"Renewable internal freshwater resources, total (billion cubic meters)",52.8,IND_8
Sri Lanka,1970,"Renewable internal freshwater resources, total (billion cubic meters)",52.8,IND_8
Sri Lanka,1969,"Renewable internal freshwater resources, total (billion cubic meters)",52.8,IND_8
Sri Lanka,1968,"Renewable internal freshwater resources, total (billion cubic meters)",52.8,IND_8
Sri Lanka,1967,"Renewable internal freshwater resources, total (billion cubic meters)",52.8,IND_8
Sri Lanka,1966,"Renewable internal freshwater resources, total (billion cubic meters)",52.8,IND_8
Sri Lanka,1965,"Renewable internal freshwater resources, total (billion cubic meters)",52.8,IND_8
Sri Lanka,1964,"Renewable internal freshwater resources, total (billion cubic meters)",52.8,IND_8
Sri Lanka,1963,"Renewable internal freshwater resources, total (billion cubic meters)",52.8,IND_8
Sri Lanka,1962,"Renewable internal freshwater resources, total (billion cubic meters)",52.8,IND_8
Sri Lanka,1961,"Renewable internal freshwater resources, total (billion cubic meters)",52.8,IND_8
Sri Lanka,2021,Renewable internal freshwater resources per capita (cubic meters),2383.101643,IND_9
Sri Lanka,2020,Renewable internal freshwater resources per capita (cubic meters),2408.869018,IND_9
Sri Lanka,2019,Renewable internal freshwater resources per capita (cubic meters),2421.685089,IND_9
Sri Lanka,2018,Renewable internal freshwater resources per capita (cubic meters),2436.548223,IND_9
Sri Lanka,2017,Renewable internal freshwater resources per capita (cubic meters),2462.227196,IND_9
Sri Lanka,2016,Renewable internal freshwater resources per capita (cubic meters),2489.509171,IND_9
Sri Lanka,2015,Renewable internal freshwater resources per capita (cubic meters),2517.88269,IND_9
Sri Lanka,2014,Renewable internal freshwater resources per capita (cubic meters),2541.149293,IND_9
Sri Lanka,2013,Renewable internal freshwater resources per capita (cubic meters),2564.974496,IND_9
Sri Lanka,2012,Renewable internal freshwater resources per capita (cubic meters),2494.159274,IND_9
Sri Lanka,2011,Renewable internal freshwater resources per capita (cubic meters),2513.202883,IND_9
Sri Lanka,2010,Renewable internal freshwater resources per capita (cubic meters),2528.845966,IND_9
Sri Lanka,2009,Renewable internal freshwater resources per capita (cubic meters),2543.789432,IND_9
Sri Lanka,2008,Renewable internal freshwater resources per capita (cubic meters),2559.456713,IND_9
Sri Lanka,2007,Renewable internal freshwater resources per capita (cubic meters),2576.546739,IND_9
Sri Lanka,2006,Renewable internal freshwater resources per capita (cubic meters),2594.287232,IND_9
Sri Lanka,2005,Renewable internal freshwater resources per capita (cubic meters),2611.724943,IND_9
Sri Lanka,2004,Renewable internal freshwater resources per capita (cubic meters),2628.486572,IND_9
Sri Lanka,2003,Renewable internal freshwater resources per capita (cubic meters),2646.414777,IND_9
Sri Lanka,2002,Renewable internal freshwater resources per capita (cubic meters),2665.892212,IND_9
Sri Lanka,2001,Renewable internal freshwater resources per capita (cubic meters),2693.827798,IND_9
Sri Lanka,2000,Renewable internal freshwater resources per capita (cubic meters),2736.736237,IND_9
Sri Lanka,1999,Renewable internal freshwater resources per capita (cubic meters),2787.054617,IND_9
Sri Lanka,1998,Renewable internal freshwater resources per capita (cubic meters),2839.319826,IND_9
Sri Lanka,1997,Renewable internal freshwater resources per capita (cubic meters),2893.436065,IND_9
Sri Lanka,1996,Renewable internal freshwater resources per capita (cubic meters),2948.893992,IND_9
Sri Lanka,1995,Renewable internal freshwater resources per capita (cubic meters),3006.137303,IND_9
Sri Lanka,1994,Renewable internal freshwater resources per capita (cubic meters),3056.303182,IND_9
Sri Lanka,1993,Renewable internal freshwater resources per capita (cubic meters),3101.154369,IND_9
Sri Lanka,1992,Renewable internal freshwater resources per capita (cubic meters),3154.256777,IND_9
Sri Lanka,1991,Renewable internal freshwater resources per capita (cubic meters),3204.786981,IND_9
Sri Lanka,1990,Renewable internal freshwater resources per capita (cubic meters),3228.872381,IND_9
Sri Lanka,1989,Renewable internal freshwater resources per capita (cubic meters),3249.519327,IND_9
Sri Lanka,1988,Renewable internal freshwater resources per capita (cubic meters),3283.863709,IND_9
Sri Lanka,1987,Renewable internal freshwater resources per capita (cubic meters),3317.296383,IND_9
Sri Lanka,1986,Renewable internal freshwater resources per capita (cubic meters),3356.375359,IND_9
Sri Lanka,1985,Renewable internal freshwater resources per capita (cubic meters),3396.775405,IND_9
Sri Lanka,1984,Renewable internal freshwater resources per capita (cubic meters),3419.277211,IND_9
Sri Lanka,1983,Renewable internal freshwater resources per capita (cubic meters),3431.068088,IND_9
Sri Lanka,1982,Renewable internal freshwater resources per capita (cubic meters),3454.012925,IND_9
Sri Lanka,1981,Renewable internal freshwater resources per capita (cubic meters),3496.824446,IND_9
Sri Lanka,1980,Renewable internal freshwater resources per capita (cubic meters),3556.04071,IND_9
Sri Lanka,1979,Renewable internal freshwater resources per capita (cubic meters),3621.495055,IND_9
Sri Lanka,1978,Renewable internal freshwater resources per capita (cubic meters),3689.69446,IND_9
Sri Lanka,1977,Renewable internal freshwater resources per capita (cubic meters),3758.175366,IND_9
Sri Lanka,1976,Renewable internal freshwater resources per capita (cubic meters),3826.982692,IND_9
Sri Lanka,1975,Renewable internal freshwater resources per capita (cubic meters),3896.971168,IND_9
Sri Lanka,1974,Renewable internal freshwater resources per capita (cubic meters),3968.226232,IND_9
Sri Lanka,1973,Renewable internal freshwater resources per capita (cubic meters),4042.595481,IND_9
Sri Lanka,1972,Renewable internal freshwater resources per capita (cubic meters),4122.035677,IND_9
Sri Lanka,1971,Renewable internal freshwater resources per capita (cubic meters),4206.531118,IND_9
Sri Lanka,1970,Renewable internal freshwater resources per capita (cubic meters),4297.186238,IND_9
Sri Lanka,1969,Renewable internal freshwater resources per capita (cubic meters),4394.924595,IND_9
Sri Lanka,1968,Renewable internal freshwater resources per capita (cubic meters),4498.943771,IND_9
Sri Lanka,1967,Renewable internal freshwater resources per capita (cubic meters),4608.404333,IND_9
Sri Lanka,1966,Renewable internal freshwater resources per capita (cubic meters),4721.060436,IND_9
Sri Lanka,1965,Renewable internal freshwater resources per capita (cubic meters),4836.509048,IND_9
Sri Lanka,1964,Renewable internal freshwater resources per capita (cubic meters),4956.165625,IND_9
Sri Lanka,1963,Renewable internal freshwater resources per capita (cubic meters),5079.345534,IND_9
Sri Lanka,1962,Renewable internal freshwater resources per capita (cubic meters),5205.173548,IND_9
Sri Lanka,1961,Renewable internal freshwater resources per capita (cubic meters),5333.671671,IND_9
Sri Lanka,2023,Investment in energy with private participation (current US$),8320000.0,IND_10
Sri Lanka,2014,Investment in energy with private participation (current US$),13585000.0,IND_10
Sri Lanka,2012,Investment in energy with private participation (current US$),354900000.0,IND_10
Sri Lanka,2011,Investment in energy with private participation (current US$),116960000.0,IND_10
Sri Lanka,2010,Investment in energy with private participation (current US$),684400000.0,IND_10
Sri Lanka,2009,Investment in energy with private participation (current US$),41700000.0,IND_10
Sri Lanka,2008,Investment in energy with private participation (current US$),45650000.0,IND_10
Sri Lanka,2007,Investment in energy with private participation (current US$),46000000.0,IND_10
Sri Lanka,2006,Investment in energy with private participation (current US$),1000000.0,IND_10
Sri Lanka,2005,Investment in energy with private participation (current US$),64100000.0,IND_10
Sri Lanka,2004,Investment in energy with private participation (current US$),80800000.0,IND_10
Sri Lanka,2003,Investment in energy with private participation (current US$),20780000.0,IND_10
Sri Lanka,2002,Investment in energy with private participation (current US$),40750000.0,IND_10
Sri Lanka,2001,Investment in energy with private participation (current US$),136500000.0,IND_10
Sri Lanka,1999,Investment in energy with private participation (current US$),77300000.0,IND_10
Sri Lanka,1997,Investment in energy with private participation (current US$),16000000.0,IND_10
Sri Lanka,1996,Investment in energy with private participation (current US$),63000000.0,IND_10
Sri Lanka,1995,Investment in energy with private participation (current US$),21700000.0,IND_10
Sri Lanka,1997,Investment in ICT with private participation (current US$),225000000.0,IND_11
Sri Lanka,1996,Investment in ICT with private participation (current US$),50000000.0,IND_11
Sri Lanka,1993,Investment in ICT with private participation (current US$),28000000.0,IND_11
Sri Lanka,1989,Investment in ICT with private participation (current US$),18000000.0,IND_11
Sri Lanka,2023,Investment in transport with private participation (current US$),700000000.0,IND_12
Sri Lanka,2017,Investment in transport with private participation (current US$),120000000.0,IND_12
Sri Lanka,2011,Investment in transport with private participation (current US$),500000000.0,IND_12
Sri Lanka,1999,Investment in transport with private participation (current US$),240000000.0,IND_12
Sri Lanka,2021,Investment in water and sanitation with private participation (current US$),70640000.0,IND_13
Sri Lanka,2014,Public private partnerships investment in energy (current US$),13585000.0,IND_14
Sri Lanka,2012,Public private partnerships investment in energy (current US$),354900000.0,IND_14
Sri Lanka,2011,Public private partnerships investment in energy (current US$),116960000.0,IND_14
Sri Lanka,2010,Public private partnerships investment in energy (current US$),684400000.0,IND_14
Sri Lanka,2009,Public private partnerships investment in energy (current US$),41700000.0,IND_14
Sri Lanka,2008,Public private partnerships investment in energy (current US$),45650000.0,IND_14
Sri Lanka,2007,Public private partnerships investment in energy (current US$),46000000.0,IND_14
Sri Lanka,2006,Public private partnerships investment in energy (current US$),1000000.0,IND_14
Sri Lanka,2005,Public private partnerships investment in energy (current US$),64100000.0,IND_14
Sri Lanka,2004,Public private partnerships investment in energy (current US$),80800000.0,IND_14
Sri Lanka,2003,Public private partnerships investment in energy (current US$),20780000.0,IND_14
Sri Lanka,2002,Public private partnerships investment in energy (current US$),40750000.0,IND_14
Sri Lanka,2001,Public private partnerships investment in energy (current US$),136500000.0,IND_14
Sri Lanka,1999,Public private partnerships investment in energy (current US$),77300000.0,IND_14
Sri Lanka,1997,Public private partnerships investment in energy (current US$),16000000.0,IND_14
Sri Lanka,1996,Public private partnerships investment in energy (current US$),63000000.0,IND_14
Sri Lanka,1995,Public private partnerships investment in energy (current US$),21700000.0,IND_14
Sri Lanka,1996,Public private partnerships investment in ICT (current US$),50000000.0,IND_15
Sri Lanka,2021,Public private partnerships investment in transport (current US$),650000000.0,IND_16
Sri Lanka,2017,Public private partnerships investment in transport (current US$),120000000.0,IND_16
Sri Lanka,2011,Public private partnerships investment in transport (current US$),500000000.0,IND_16
Sri Lanka,1999,Public private partnerships investment in transport (current US$),240000000.0,IND_16
Sri Lanka,2021,Public private partnerships investment in water and sanitation (current US$),70640000.0,IND_17
Sri Lanka,2021,"Industrial design applications, nonresident, by count",27.0,IND_18
Sri Lanka,2020,"Industrial design applications, nonresident, by count",32.0,IND_18
Sri Lanka,2019,"Industrial design applications, nonresident, by count",66.0,IND_18
Sri Lanka,2018,"Industrial design applications, nonresident, by count",60.0,IND_18
Sri Lanka,2017,"Industrial design applications, nonresident, by count",49.0,IND_18
Sri Lanka,2016,"Industrial design applications, nonresident, by count",145.0,IND_18
Sri Lanka,2015,"Industrial design applications, nonresident, by count",67.0,IND_18
Sri Lanka,2013,"Industrial design applications, nonresident, by count",99.0,IND_18
Sri Lanka,2012,"Industrial design applications, nonresident, by count",29.0,IND_18
Sri Lanka,2011,"Industrial design applications, nonresident, by count",56.0,IND_18
Sri Lanka,2010,"Industrial design applications, nonresident, by count",51.0,IND_18
Sri Lanka,2009,"Industrial design applications, nonresident, by count",40.0,IND_18
Sri Lanka,2008,"Industrial design applications, nonresident, by count",56.0,IND_18
Sri Lanka,2007,"Industrial design applications, nonresident, by count",24.0,IND_18
Sri Lanka,2006,"Industrial design applications, nonresident, by count",39.0,IND_18
Sri Lanka,2005,"Industrial design applications, nonresident, by count",47.0,IND_18
Sri Lanka,2004,"Industrial design applications, nonresident, by count",50.0,IND_18
Sri Lanka,2003,"Industrial design applications, nonresident, by count",42.0,IND_18
Sri Lanka,2002,"Industrial design applications, nonresident, by count",40.0,IND_18
Sri Lanka,2001,"Industrial design applications, nonresident, by count",26.0,IND_18
Sri Lanka,2000,"Industrial design applications, nonresident, by count",10.0,IND_18
Sri Lanka,1999,"Industrial design applications, nonresident, by count",25.0,IND_18
Sri Lanka,1998,"Industrial design applications, nonresident, by count",30.0,IND_18
Sri Lanka,1997,"Industrial design applications, nonresident, by count",24.0,IND_18
Sri Lanka,1996,"Industrial design applications, nonresident, by count",51.0,IND_18
Sri Lanka,1995,"Industrial design applications, nonresident, by count",80.0,IND_18
Sri Lanka,1994,"Industrial design applications, nonresident, by count",13.0,IND_18
Sri Lanka,1993,"Industrial design applications, nonresident, by count",4.0,IND_18
Sri Lanka,1992,"Industrial design applications, nonresident, by count",115.0,IND_18
Sri Lanka,1991,"Industrial design applications, nonresident, by count",14.0,IND_18
Sri Lanka,1990,"Industrial design applications, nonresident, by count",16.0,IND_18
Sri Lanka,1989,"Industrial design applications, nonresident, by count",9.0,IND_18
Sri Lanka,1988,"Industrial design applications, nonresident, by count",30.0,IND_18
Sri Lanka,1987,"Industrial design applications, nonresident, by count",13.0,IND_18
Sri Lanka,1986,"Industrial design applications, nonresident, by count",3.0,IND_18
Sri Lanka,1985,"Industrial design applications, nonresident, by count",8.0,IND_18
Sri Lanka,1984,"Industrial design applications, nonresident, by count",20.0,IND_18
Sri Lanka,1983,"Industrial design applications, nonresident, by count",6.0,IND_18
Sri Lanka,1982,"Industrial design applications, nonresident, by count",13.0,IND_18
Sri Lanka,1981,"Industrial design applications, nonresident, by count",10.0,IND_18
Sri Lanka,1980,"Industrial design applications, nonresident, by count",1.0,IND_18
Sri Lanka,2021,"Industrial design applications, resident, by count",112.0,IND_19
Sri Lanka,2020,"Industrial design applications, resident, by count",249.0,IND_19
Sri Lanka,2019,"Industrial design applications, resident, by count",480.0,IND_19
Sri Lanka,2018,"Industrial design applications, resident, by count",228.0,IND_19
Sri Lanka,2017,"Industrial design applications, resident, by count",287.0,IND_19
Sri Lanka,2016,"Industrial design applications, resident, by count",237.0,IND_19
Sri Lanka,2015,"Industrial design applications, resident, by count",390.0,IND_19
Sri Lanka,2013,"Industrial design applications, resident, by count",260.0,IND_19
Sri Lanka,2012,"Industrial design applications, resident, by count",365.0,IND_19
Sri Lanka,2011,"Industrial design applications, resident, by count",387.0,IND_19
Sri Lanka,2010,"Industrial design applications, resident, by count",233.0,IND_19
Sri Lanka,2009,"Industrial design applications, resident, by count",273.0,IND_19
Sri Lanka,2008,"Industrial design applications, resident, by count",333.0,IND_19
Sri Lanka,2007,"Industrial design applications, resident, by count",328.0,IND_19
Sri Lanka,2006,"Industrial design applications, resident, by count",477.0,IND_19
Sri Lanka,2005,"Industrial design applications, resident, by count",257.0,IND_19
Sri Lanka,2004,"Industrial design applications, resident, by count",254.0,IND_19
Sri Lanka,2003,"Industrial design applications, resident, by count",386.0,IND_19
Sri Lanka,2002,"Industrial design applications, resident, by count",345.0,IND_19
Sri Lanka,2001,"Industrial design applications, resident, by count",520.0,IND_19
Sri Lanka,2000,"Industrial design applications, resident, by count",187.0,IND_19
Sri Lanka,1999,"Industrial design applications, resident, by count",154.0,IND_19
Sri Lanka,1998,"Industrial design applications, resident, by count",297.0,IND_19
Sri Lanka,1997,"Industrial design applications, resident, by count",175.0,IND_19
Sri Lanka,1996,"Industrial design applications, resident, by count",226.0,IND_19
Sri Lanka,1995,"Industrial design applications, resident, by count",529.0,IND_19
Sri Lanka,1994,"Industrial design applications, resident, by count",1049.0,IND_19
Sri Lanka,1993,"Industrial design applications, resident, by count",606.0,IND_19
Sri Lanka,1992,"Industrial design applications, resident, by count",312.0,IND_19
Sri Lanka,1991,"Industrial design applications, resident, by count",268.0,IND_19
Sri Lanka,1990,"Industrial design applications, resident, by count",9.0,IND_19
Sri Lanka,1989,"Industrial design applications, resident, by count",15.0,IND_19
Sri Lanka,1988,"Industrial design applications, resident, by count",25.0,IND_19
Sri Lanka,1987,"Industrial design applications, resident, by count",32.0,IND_19
Sri Lanka,1986,"Industrial design applications, resident, by count",37.0,IND_19
Sri Lanka,1985,"Industrial design applications, resident, by count",15.0,IND_19
Sri Lanka,1984,"Industrial design applications, resident, by count",6.0,IND_19
Sri Lanka,1983,"Industrial design applications, resident, by count",5.0,IND_19
Sri Lanka,1982,"Industrial design applications, resident, by count",12.0,IND_19
Sri Lanka,1981,"Industrial design applications, resident, by count",6.0,IND_19
Sri Lanka,1980,"Industrial design applications, resident, by count",8.0,IND_19
Sri Lanka,2021,"Trademark applications, nonresident, by count",3626.0,IND_20
Sri Lanka,2019,"Trademark applications, nonresident, by count",3709.0,IND_20
Sri Lanka,2018,"Trademark applications, nonresident, by count",4127.0,IND_20
Sri Lanka,2016,"Trademark applications, nonresident, by count",3935.0,IND_20
Sri Lanka,2015,"Trademark applications, nonresident, by count",3432.0,IND_20
Sri Lanka,2013,"Trademark applications, nonresident, by count",3344.0,IND_20
Sri Lanka,2012,"Trademark applications, nonresident, by count",3178.0,IND_20
Sri Lanka,2011,"Trademark applications, nonresident, by count",2925.0,IND_20
Sri Lanka,2010,"Trademark applications, nonresident, by count",2302.0,IND_20
Sri Lanka,2009,"Trademark applications, nonresident, by count",1915.0,IND_20
Sri Lanka,2008,"Trademark applications, nonresident, by count",3012.0,IND_20
Sri Lanka,2007,"Trademark applications, nonresident, by count",2835.0,IND_20
Sri Lanka,2006,"Trademark applications, nonresident, by count",2392.0,IND_20
Sri Lanka,2005,"Trademark applications, nonresident, by count",1900.0,IND_20
Sri Lanka,2004,"Trademark applications, nonresident, by count",3600.0,IND_20
Sri Lanka,2021,"Trademark applications, resident, by count",6321.0,IND_21
Sri Lanka,2019,"Trademark applications, resident, by count",6676.0,IND_21
Sri Lanka,2018,"Trademark applications, resident, by count",7356.0,IND_21
Sri Lanka,2016,"Trademark applications, resident, by count",6893.0,IND_21
Sri Lanka,2015,"Trademark applications, resident, by count",5983.0,IND_21
Sri Lanka,2013,"Trademark applications, resident, by count",5481.0,IND_21
Sri Lanka,2012,"Trademark applications, resident, by count",5938.0,IND_21
Sri Lanka,2011,"Trademark applications, resident, by count",4732.0,IND_21
Sri Lanka,2010,"Trademark applications, resident, by count",3942.0,IND_21
Sri Lanka,2009,"Trademark applications, resident, by count",3012.0,IND_21
Sri Lanka,2008,"Trademark applications, resident, by count",2895.0,IND_21
Sri Lanka,2007,"Trademark applications, resident, by count",3382.0,IND_21
Sri Lanka,2006,"Trademark applications, resident, by count",4821.0,IND_21
Sri Lanka,2005,"Trademark applications, resident, by count",4587.0,IND_21
Sri Lanka,2004,"Trademark applications, resident, by count",2343.0,IND_21
Sri Lanka,2021,"Air transport, registered carrier departures worldwide",11210.0,IND_22
Sri Lanka,2020,"Air transport, registered carrier departures worldwide",10045.0,IND_22
Sri Lanka,2019,"Air transport, registered carrier departures worldwide",33050.0,IND_22
Sri Lanka,2018,"Air transport, registered carrier departures worldwide",34425.0,IND_22
Sri Lanka,2017,"Air transport, registered carrier departures worldwide",41012.0,IND_22
Sri Lanka,2016,"Air transport, registered carrier departures worldwide",40711.0,IND_22
Sri Lanka,2015,"Air transport, registered carrier departures worldwide",37598.0,IND_22
Sri Lanka,2014,"Air transport, registered carrier departures worldwide",37517.0,IND_22
Sri Lanka,2013,"Air transport, registered carrier departures worldwide",32636.4,IND_22
Sri Lanka,2012,"Air transport, registered carrier departures worldwide",31373.0,IND_22
Sri Lanka,2011,"Air transport, registered carrier departures worldwide",26052.0,IND_22
Sri Lanka,2010,"Air transport, registered carrier departures worldwide",20921.0,IND_22
Sri Lanka,2009,"Air transport, registered carrier departures worldwide",16632.0,IND_22
Sri Lanka,2008,"Air transport, registered carrier departures worldwide",20512.0,IND_22
Sri Lanka,2007,"Air transport, registered carrier departures worldwide",21020.0,IND_22
Sri Lanka,2006,"Air transport, registered carrier departures worldwide",20979.0,IND_22
Sri Lanka,2005,"Air transport, registered carrier departures worldwide",19712.0,IND_22
Sri Lanka,2004,"Air transport, registered carrier departures worldwide",18699.0,IND_22
Sri Lanka,2003,"Air transport, registered carrier departures worldwide",12603.0,IND_22
Sri Lanka,2002,"Air transport, registered carrier departures worldwide",10480.0,IND_22
Sri Lanka,2001,"Air transport, registered carrier departures worldwide",11386.0,IND_22
Sri Lanka,2000,"Air transport, registered carrier departures worldwide",5206.0,IND_22
Sri Lanka,1999,"Air transport, registered carrier departures worldwide",10100.0,IND_22
Sri Lanka,1998,"Air transport, registered carrier departures worldwide",9300.0,IND_22
Sri Lanka,1997,"Air transport, registered carrier departures worldwide",8800.0,IND_22
Sri Lanka,1996,"Air transport, registered carrier departures worldwide",8800.0,IND_22
Sri Lanka,1995,"Air transport, registered carrier departures worldwide",8900.0,IND_22
Sri Lanka,1994,"Air transport, registered carrier departures worldwide",8900.0,IND_22
Sri Lanka,1993,"Air transport, registered carrier departures worldwide",8900.0,IND_22
Sri Lanka,1992,"Air transport, registered carrier departures worldwide",9100.0,IND_22
Sri Lanka,1991,"Air transport, registered carrier departures worldwide",8200.0,IND_22
Sri Lanka,1990,"Air transport, registered carrier departures worldwide",7900.0,IND_22
Sri Lanka,1989,"Air transport, registered carrier departures worldwide",6900.0,IND_22
Sri Lanka,1988,"Air transport, registered carrier departures worldwide",6100.0,IND_22
Sri Lanka,1987,"Air transport, registered carrier departures worldwide",5800.0,IND_22
Sri Lanka,1986,"Air transport, registered carrier departures worldwide",5800.0,IND_22
Sri Lanka,1985,"Air transport, registered carrier departures worldwide",6700.0,IND_22
Sri Lanka,1984,"Air transport, registered carrier departures worldwide",5900.0,IND_22
Sri Lanka,1983,"Air transport, registered carrier departures worldwide",5400.0,IND_22
Sri Lanka,1982,"Air transport, registered carrier departures worldwide",3500.0,IND_22
Sri Lanka,1981,"Air transport, registered carrier departures worldwide",4100.0,IND_22
Sri Lanka,1980,"Air transport, registered carrier departures worldwide",3800.0,IND_22
Sri Lanka,1979,"Air transport, registered carrier departures worldwide",1700.0,IND_22
Sri Lanka,1978,"Air transport, registered carrier departures worldwide",3100.0,IND_22
Sri Lanka,1977,"Air transport, registered carrier departures worldwide",5300.0,IND_22
Sri Lanka,1976,"Air transport, registered carrier departures worldwide",4000.0,IND_22
Sri Lanka,1975,"Air transport, registered carrier departures worldwide",4400.0,IND_22
Sri Lanka,1974,"Air transport, registered carrier departures worldwide",4200.0,IND_22
Sri Lanka,1973,"Air transport, registered carrier departures worldwide",2900.0,IND_22
Sri Lanka,1972,"Air transport, registered carrier departures worldwide",4400.0,IND_22
Sri Lanka,1971,"Air transport, registered carrier departures worldwide",5200.0,IND_22
Sri Lanka,1970,"Air transport, registered carrier departures worldwide",4400.0,IND_22
Sri Lanka,2021,"Air transport, freight (million ton-km)",412.484,IND_23
Sri Lanka,2020,"Air transport, freight (million ton-km)",226.479,IND_23
Sri Lanka,2019,"Air transport, freight (million ton-km)",394.05,IND_23
Sri Lanka,2018,"Air transport, freight (million ton-km)",436.198,IND_23
Sri Lanka,2017,"Air transport, freight (million ton-km)",398.4734642,IND_23
Sri Lanka,2016,"Air transport, freight (million ton-km)",403.075584,IND_23
Sri Lanka,2015,"Air transport, freight (million ton-km)",381.6320526,IND_23
Sri Lanka,2014,"Air transport, freight (million ton-km)",384.7086541,IND_23
Sri Lanka,2013,"Air transport, freight (million ton-km)",385.12,IND_23
Sri Lanka,2012,"Air transport, freight (million ton-km)",405.42043,IND_23
Sri Lanka,2011,"Air transport, freight (million ton-km)",364.50263,IND_23
Sri Lanka,2010,"Air transport, freight (million ton-km)",339.0489194,IND_23
Sri Lanka,2009,"Air transport, freight (million ton-km)",278.998,IND_23
Sri Lanka,2008,"Air transport, freight (million ton-km)",331.457,IND_23
Sri Lanka,2007,"Air transport, freight (million ton-km)",343.641,IND_23
Sri Lanka,2006,"Air transport, freight (million ton-km)",325.413,IND_23
Sri Lanka,2005,"Air transport, freight (million ton-km)",310.362,IND_23
Sri Lanka,2004,"Air transport, freight (million ton-km)",312.627,IND_23
Sri Lanka,2003,"Air transport, freight (million ton-km)",238.009,IND_23
Sri Lanka,2002,"Air transport, freight (million ton-km)",203.126,IND_23
Sri Lanka,2001,"Air transport, freight (million ton-km)",217.567,IND_23
Sri Lanka,2000,"Air transport, freight (million ton-km)",255.708,IND_23
Sri Lanka,1999,"Air transport, freight (million ton-km)",179.1999969,IND_23
Sri Lanka,1998,"Air transport, freight (million ton-km)",156.5,IND_23
Sri Lanka,1997,"Air transport, freight (million ton-km)",173.8999939,IND_23
Sri Lanka,1996,"Air transport, freight (million ton-km)",158.6000061,IND_23
Sri Lanka,1995,"Air transport, freight (million ton-km)",156.0,IND_23
Sri Lanka,1994,"Air transport, freight (million ton-km)",109.9000015,IND_23
Sri Lanka,1993,"Air transport, freight (million ton-km)",104.4000015,IND_23
Sri Lanka,1992,"Air transport, freight (million ton-km)",109.8000031,IND_23
Sri Lanka,1991,"Air transport, freight (million ton-km)",100.6999969,IND_23
Sri Lanka,1990,"Air transport, freight (million ton-km)",93.40000153,IND_23
Sri Lanka,1989,"Air transport, freight (million ton-km)",75.40000153,IND_23
Sri Lanka,1988,"Air transport, freight (million ton-km)",61.70000076,IND_23
Sri Lanka,1987,"Air transport, freight (million ton-km)",49.09999847,IND_23
Sri Lanka,1986,"Air transport, freight (million ton-km)",54.70000076,IND_23
Sri Lanka,1985,"Air transport, freight (million ton-km)",67.59999847,IND_23
Sri Lanka,1984,"Air transport, freight (million ton-km)",59.59999847,IND_23
Sri Lanka,1983,"Air transport, freight (million ton-km)",44.59999847,IND_23
Sri Lanka,1982,"Air transport, freight (million ton-km)",39.79999924,IND_23
Sri Lanka,1981,"Air transport, freight (million ton-km)",26.79999924,IND_23
Sri Lanka,1980,"Air transport, freight (million ton-km)",9.699999809,IND_23
Sri Lanka,1979,"Air transport, freight (million ton-km)",1.799999952,IND_23
Sri Lanka,1978,"Air transport, freight (million ton-km)",0.5,IND_23
Sri Lanka,1977,"Air transport, freight (million ton-km)",2.200000048,IND_23
Sri Lanka,1976,"Air transport, freight (million ton-km)",2.400000095,IND_23
Sri Lanka,1975,"Air transport, freight (million ton-km)",2.0,IND_23
Sri Lanka,1974,"Air transport, freight (million ton-km)",2.599999905,IND_23
Sri Lanka,1973,"Air transport, freight (million ton-km)",2.900000095,IND_23
Sri Lanka,1972,"Air transport, freight (million ton-km)",3.5,IND_23
Sri Lanka,1971,"Air transport, freight (million ton-km)",1.899999976,IND_23
Sri Lanka,1970,"Air transport, freight (million ton-km)",1.799999952,IND_23
Sri Lanka,2021,"Air transport, passengers carried",871685.0,IND_24
Sri Lanka,2020,"Air transport, passengers carried",1240391.0,IND_24
Sri Lanka,2019,"Air transport, passengers carried",5582446.0,IND_24
Sri Lanka,2018,"Air transport, passengers carried",5882376.0,IND_24
Sri Lanka,2017,"Air transport, passengers carried",5403577.0,IND_24
Sri Lanka,2016,"Air transport, passengers carried",5284585.0,IND_24
Sri Lanka,2015,"Air transport, passengers carried",4911730.0,IND_24
Sri Lanka,2014,"Air transport, passengers carried",4756131.0,IND_24
Sri Lanka,2013,"Air transport, passengers carried",4793393.4,IND_24
Sri Lanka,2012,"Air transport, passengers carried",4616417.0,IND_24
Sri Lanka,2011,"Air transport, passengers carried",3665394.0,IND_24
Sri Lanka,2010,"Air transport, passengers carried",3008322.692,IND_24
Sri Lanka,2009,"Air transport, passengers carried",2417713.0,IND_24
Sri Lanka,2008,"Air transport, passengers carried",2951506.0,IND_24
Sri Lanka,2007,"Air transport, passengers carried",3206766.0,IND_24
Sri Lanka,2006,"Air transport, passengers carried",3100832.0,IND_24
Sri Lanka,2005,"Air transport, passengers carried",2817778.0,IND_24
Sri Lanka,2004,"Air transport, passengers carried",2412889.0,IND_24
Sri Lanka,2003,"Air transport, passengers carried",1957606.0,IND_24
Sri Lanka,2002,"Air transport, passengers carried",1740807.0,IND_24
Sri Lanka,2001,"Air transport, passengers carried",1718331.0,IND_24
Sri Lanka,2000,"Air transport, passengers carried",1755567.0,IND_24
Sri Lanka,1999,"Air transport, passengers carried",1421500.0,IND_24
Sri Lanka,1998,"Air transport, passengers carried",1212500.0,IND_24
Sri Lanka,1997,"Air transport, passengers carried",1231900.0,IND_24
Sri Lanka,1996,"Air transport, passengers carried",1170700.0,IND_24
Sri Lanka,1995,"Air transport, passengers carried",1155700.0,IND_24
Sri Lanka,1994,"Air transport, passengers carried",1066800.0,IND_24
Sri Lanka,1993,"Air transport, passengers carried",993800.0,IND_24
Sri Lanka,1992,"Air transport, passengers carried",1045600.0,IND_24
Sri Lanka,1991,"Air transport, passengers carried",892700.0,IND_24
Sri Lanka,1990,"Air transport, passengers carried",891800.0,IND_24
Sri Lanka,1989,"Air transport, passengers carried",744500.0,IND_24
Sri Lanka,1988,"Air transport, passengers carried",694300.0,IND_24
Sri Lanka,1987,"Air transport, passengers carried",586900.0,IND_24
Sri Lanka,1986,"Air transport, passengers carried",611400.0,IND_24
Sri Lanka,1985,"Air transport, passengers carried",698600.0,IND_24
Sri Lanka,1984,"Air transport, passengers carried",681300.0,IND_24
Sri Lanka,1983,"Air transport, passengers carried",616500.0,IND_24
Sri Lanka,1982,"Air transport, passengers carried",572700.0,IND_24
Sri Lanka,1981,"Air transport, passengers carried",405200.0,IND_24
Sri Lanka,1980,"Air transport, passengers carried",235000.0,IND_24
Sri Lanka,1979,"Air transport, passengers carried",105300.0,IND_24
Sri Lanka,1978,"Air transport, passengers carried",100000.0,IND_24
Sri Lanka,1977,"Air transport, passengers carried",181000.0,IND_24
Sri Lanka,1976,"Air transport, passengers carried",127700.0,IND_24
Sri Lanka,1975,"Air transport, passengers carried",117300.0,IND_24
Sri Lanka,1974,"Air transport, passengers carried",107700.0,IND_24
Sri Lanka,1973,"Air transport, passengers carried",108500.0,IND_24
Sri Lanka,1972,"Air transport, passengers carried",116000.0,IND_24
Sri Lanka,1971,"Air transport, passengers carried",116000.0,IND_24
Sri Lanka,1970,"Air transport, passengers carried",104600.0,IND_24
Sri Lanka,2015,"Railways, goods transported (million ton-km)",127.39,IND_25
Sri Lanka,2013,"Railways, goods transported (million ton-km)",133.0,IND_25
Sri Lanka,2012,"Railways, goods transported (million ton-km)",142.4,IND_25
Sri Lanka,2011,"Railways, goods transported (million ton-km)",153.9,IND_25
Sri Lanka,2007,"Railways, goods transported (million ton-km)",135.0,IND_25
Sri Lanka,2005,"Railways, goods transported (million ton-km)",134.7,IND_25
Sri Lanka,2004,"Railways, goods transported (million ton-km)",138.0,IND_25
Sri Lanka,2003,"Railways, goods transported (million ton-km)",126.5,IND_25
Sri Lanka,1999,"Railways, goods transported (million ton-km)",107.0,IND_25
Sri Lanka,1998,"Railways, goods transported (million ton-km)",106.0,IND_25
Sri Lanka,1997,"Railways, goods transported (million ton-km)",96.0,IND_25
Sri Lanka,1996,"Railways, goods transported (million ton-km)",108.0,IND_25
Sri Lanka,1995,"Railways, goods transported (million ton-km)",137.0,IND_25
Sri Lanka,2015,"Railways, passengers carried (million passenger-km)",7407.39,IND_26
Sri Lanka,2013,"Railways, passengers carried (million passenger-km)",6257.38,IND_26
Sri Lanka,2012,"Railways, passengers carried (million passenger-km)",5039.45,IND_26
Sri Lanka,2011,"Railways, passengers carried (million passenger-km)",4574.19,IND_26
Sri Lanka,2007,"Railways, passengers carried (million passenger-km)",4767.0,IND_26
Sri Lanka,2005,"Railways, passengers carried (million passenger-km)",4357.6,IND_26
Sri Lanka,2004,"Railways, passengers carried (million passenger-km)",4682.0,IND_26
Sri Lanka,2003,"Railways, passengers carried (million passenger-km)",4258.0,IND_26
Sri Lanka,2002,"Railways, passengers carried (million passenger-km)",4079.0,IND_26
Sri Lanka,2001,"Railways, passengers carried (million passenger-km)",3979.0,IND_26
Sri Lanka,2000,"Railways, passengers carried (million passenger-km)",3208.0,IND_26
Sri Lanka,1999,"Railways, passengers carried (million passenger-km)",3104.0,IND_26
Sri Lanka,1998,"Railways, passengers carried (million passenger-km)",3241.0,IND_26
Sri Lanka,1997,"Railways, passengers carried (million passenger-km)",3147.0,IND_26
Sri Lanka,1996,"Railways, passengers carried (million passenger-km)",3103.0,IND_26
Sri Lanka,1995,"Railways, passengers carried (million passenger-km)",3321.0,IND_26
Sri Lanka,2019,Rail lines (total route-km),1562.0,IND_27
Sri Lanka,2018,Rail lines (total route-km),1562.0,IND_27
Sri Lanka,2017,Rail lines (total route-km),1562.0,IND_27
Sri Lanka,2016,Rail lines (total route-km),1561.706,IND_27
Sri Lanka,2015,Rail lines (total route-km),1567.0,IND_27
Sri Lanka,2013,Rail lines (total route-km),1254.23,IND_27
Sri Lanka,2012,Rail lines (total route-km),1148.11,IND_27
Sri Lanka,2011,Rail lines (total route-km),1148.3,IND_27
Sri Lanka,2007,Rail lines (total route-km),1463.0,IND_27
Sri Lanka,1999,Rail lines (total route-km),1463.0,IND_27
Sri Lanka,1998,Rail lines (total route-km),1491.0,IND_27
Sri Lanka,1997,Rail lines (total route-km),1491.0,IND_27
Sri Lanka,1996,Rail lines (total route-km),1491.0,IND_27
Sri Lanka,1995,Rail lines (total route-km),1491.0,IND_27
Sri Lanka,2021,Liner shipping connectivity index (maximum value in 2004 = 100),70.67810622,IND_28
Sri Lanka,2020,Liner shipping connectivity index (maximum value in 2004 = 100),71.99260717,IND_28
Sri Lanka,2019,Liner shipping connectivity index (maximum value in 2004 = 100),62.17464277,IND_28
Sri Lanka,2018,Liner shipping connectivity index (maximum value in 2004 = 100),63.62281008,IND_28
Sri Lanka,2017,Liner shipping connectivity index (maximum value in 2004 = 100),63.65131078,IND_28
Sri Lanka,2016,Liner shipping connectivity index (maximum value in 2004 = 100),61.77333687,IND_28
Sri Lanka,2015,Liner shipping connectivity index (maximum value in 2004 = 100),52.45282289,IND_28
Sri Lanka,2014,Liner shipping connectivity index (maximum value in 2004 = 100),46.96045464,IND_28
Sri Lanka,2013,Liner shipping connectivity index (maximum value in 2004 = 100),47.76358304,IND_28
Sri Lanka,2012,Liner shipping connectivity index (maximum value in 2004 = 100),40.23505899,IND_28
Sri Lanka,2011,Liner shipping connectivity index (maximum value in 2004 = 100),39.47965169,IND_28
Sri Lanka,2010,Liner shipping connectivity index (maximum value in 2004 = 100),38.64974339,IND_28
Sri Lanka,2009,Liner shipping connectivity index (maximum value in 2004 = 100),37.16352239,IND_28
Sri Lanka,2008,Liner shipping connectivity index (maximum value in 2004 = 100),39.64148128,IND_28
Sri Lanka,2007,Liner shipping connectivity index (maximum value in 2004 = 100),39.41899432,IND_28
Sri Lanka,2006,Liner shipping connectivity index (maximum value in 2004 = 100),38.64377832,IND_28
Sri Lanka,2022,Container port traffic (TEU: 20 foot equivalent units),6860000.0,IND_29
Sri Lanka,2021,Container port traffic (TEU: 20 foot equivalent units),7250000.0,IND_29
Sri Lanka,2020,Container port traffic (TEU: 20 foot equivalent units),6850000.0,IND_29
Sri Lanka,2019,Container port traffic (TEU: 20 foot equivalent units),7230000.0,IND_29
Sri Lanka,2018,Container port traffic (TEU: 20 foot equivalent units),7000000.0,IND_29
Sri Lanka,2017,Container port traffic (TEU: 20 foot equivalent units),6200000.0,IND_29
Sri Lanka,2016,Container port traffic (TEU: 20 foot equivalent units),5734000.0,IND_29
Sri Lanka,2015,Container port traffic (TEU: 20 foot equivalent units),5185000.0,IND_29
Sri Lanka,2014,Container port traffic (TEU: 20 foot equivalent units),4907901.0,IND_29
Sri Lanka,2013,Container port traffic (TEU: 20 foot equivalent units),4306206.0,IND_29
Sri Lanka,2012,Container port traffic (TEU: 20 foot equivalent units),4320984.0,IND_29
Sri Lanka,2011,Container port traffic (TEU: 20 foot equivalent units),4262887.0,IND_29
Sri Lanka,2010,Container port traffic (TEU: 20 foot equivalent units),4120000.0,IND_29
Sri Lanka,2009,Container port traffic (TEU: 20 foot equivalent units),3464297.0,IND_29
Sri Lanka,2008,Container port traffic (TEU: 20 foot equivalent units),3687465.0,IND_29
Sri Lanka,2007,Container port traffic (TEU: 20 foot equivalent units),3687338.0,IND_29
Sri Lanka,2006,Container port traffic (TEU: 20 foot equivalent units),3079132.0,IND_29
Sri Lanka,2005,Container port traffic (TEU: 20 foot equivalent units),2455297.0,IND_29
Sri Lanka,2004,Container port traffic (TEU: 20 foot equivalent units),2220525.0,IND_29
Sri Lanka,2003,Container port traffic (TEU: 20 foot equivalent units),1959354.0,IND_29
Sri Lanka,2002,Container port traffic (TEU: 20 foot equivalent units),1764720.0,IND_29
Sri Lanka,2001,Container port traffic (TEU: 20 foot equivalent units),1726605.0,IND_29
Sri Lanka,2000,Container port traffic (TEU: 20 foot equivalent units),1732855.0,IND_29
Sri Lanka,2023,Mobile cellular subscriptions,30000000.0,IND_30
Sri Lanka,2022,Mobile cellular subscriptions,34600000.0,IND_30
Sri Lanka,2021,Mobile cellular subscriptions,30800000.0,IND_30
Sri Lanka,2020,Mobile cellular subscriptions,29700000.0,IND_30
Sri Lanka,2019,Mobile cellular subscriptions,28400000.0,IND_30
Sri Lanka,2018,Mobile cellular subscriptions,30300000.0,IND_30
Sri Lanka,2017,Mobile cellular subscriptions,28200000.0,IND_30
Sri Lanka,2016,Mobile cellular subscriptions,25800000.0,IND_30
Sri Lanka,2015,Mobile cellular subscriptions,23900000.0,IND_30
Sri Lanka,2014,Mobile cellular subscriptions,22100000.0,IND_30
Sri Lanka,2013,Mobile cellular subscriptions,20300000.0,IND_30
Sri Lanka,2012,Mobile cellular subscriptions,19300000.0,IND_30
Sri Lanka,2011,Mobile cellular subscriptions,18300000.0,IND_30
Sri Lanka,2010,Mobile cellular subscriptions,17400000.0,IND_30
Sri Lanka,2009,Mobile cellular subscriptions,16300000.0,IND_30
Sri Lanka,2008,Mobile cellular subscriptions,11100000.0,IND_30
Sri Lanka,2007,Mobile cellular subscriptions,7980000.0,IND_30
Sri Lanka,2006,Mobile cellular subscriptions,5410000.0,IND_30
Sri Lanka,2005,Mobile cellular subscriptions,3360000.0,IND_30
Sri Lanka,2004,Mobile cellular subscriptions,2210000.0,IND_30
Sri Lanka,2003,Mobile cellular subscriptions,1390000.0,IND_30
Sri Lanka,2002,Mobile cellular subscriptions,931403.0,IND_30
Sri Lanka,2001,Mobile cellular subscriptions,667662.0,IND_30
Sri Lanka,2000,Mobile cellular subscriptions,430202.0,IND_30
Sri Lanka,1999,Mobile cellular subscriptions,256655.0,IND_30
Sri Lanka,1998,Mobile cellular subscriptions,174202.0,IND_30
Sri Lanka,1997,Mobile cellular subscriptions,114888.0,IND_30
Sri Lanka,1996,Mobile cellular subscriptions,71029.0,IND_30
Sri Lanka,1995,Mobile cellular subscriptions,51316.0,IND_30
Sri Lanka,1994,Mobile cellular subscriptions,29182.0,IND_30
Sri Lanka,1993,Mobile cellular subscriptions,14687.0,IND_30
Sri Lanka,1992,Mobile cellular subscriptions,2644.0,IND_30
Sri Lanka,1991,Mobile cellular subscriptions,1800.0,IND_30
Sri Lanka,1990,Mobile cellular subscriptions,1010.0,IND_30
Sri Lanka,1989,Mobile cellular subscriptions,0.0,IND_30
Sri Lanka,1988,Mobile cellular subscriptions,0.0,IND_30
Sri Lanka,1987,Mobile cellular subscriptions,0.0,IND_30
Sri Lanka,1986,Mobile cellular subscriptions,0.0,IND_30
Sri Lanka,1985,Mobile cellular subscriptions,0.0,IND_30
Sri Lanka,1984,Mobile cellular subscriptions,0.0,IND_30
Sri Lanka,1983,Mobile cellular subscriptions,0.0,IND_30
Sri Lanka,1982,Mobile cellular subscriptions,0.0,IND_30
Sri Lanka,1981,Mobile cellular subscriptions,0.0,IND_30
Sri Lanka,1980,Mobile cellular subscriptions,0.0,IND_30
Sri Lanka,1979,Mobile cellular subscriptions,0.0,IND_30
Sri Lanka,1978,Mobile cellular subscriptions,0.0,IND_30
Sri Lanka,1977,Mobile cellular subscriptions,0.0,IND_30
Sri Lanka,1976,Mobile cellular subscriptions,0.0,IND_30
Sri Lanka,1975,Mobile cellular subscriptions,0.0,IND_30
Sri Lanka,1970,Mobile cellular subscriptions,0.0,IND_30
Sri Lanka,1965,Mobile cellular subscriptions,0.0,IND_30
Sri Lanka,1960,Mobile cellular subscriptions,0.0,IND_30
Sri Lanka,2022,Mobile cellular subscriptions (per 100 people),143.0794174,IND_31
Sri Lanka,2021,Mobile cellular subscriptions (per 100 people),141.2920218,IND_31
Sri Lanka,2020,Mobile cellular subscriptions (per 100 people),136.9116134,IND_31
Sri Lanka,2019,Mobile cellular subscriptions (per 100 people),130.9608639,IND_31
Sri Lanka,2018,Mobile cellular subscriptions (per 100 people),140.3243174,IND_31
Sri Lanka,2017,Mobile cellular subscriptions (per 100 people),131.1169828,IND_31
Sri Lanka,2016,Mobile cellular subscriptions (per 100 people),120.4042203,IND_31
Sri Lanka,2015,Mobile cellular subscriptions (per 100 people),112.0119107,IND_31
Sri Lanka,2014,Mobile cellular subscriptions (per 100 people),104.1599133,IND_31
Sri Lanka,2013,Mobile cellular subscriptions (per 100 people),96.13564533,IND_31
Sri Lanka,2012,Mobile cellular subscriptions (per 100 people),91.9860531,IND_31
Sri Lanka,2011,Mobile cellular subscriptions (per 100 people),87.82201679,IND_31
Sri Lanka,2010,Mobile cellular subscriptions (per 100 people),83.98898868,IND_31
Sri Lanka,2009,Mobile cellular subscriptions (per 100 people),79.60666574,IND_31
Sri Lanka,2008,Mobile cellular subscriptions (per 100 people),54.63200747,IND_31
Sri Lanka,2007,Mobile cellular subscriptions (per 100 people),39.76107463,IND_31
Sri Lanka,2006,Mobile cellular subscriptions (per 100 people),27.23856918,IND_31
Sri Lanka,2005,Mobile cellular subscriptions (per 100 people),17.087516,IND_31
Sri Lanka,2004,Mobile cellular subscriptions (per 100 people),11.34483891,IND_31
Sri Lanka,2003,Mobile cellular subscriptions (per 100 people),7.218515291,IND_31
Sri Lanka,2002,Mobile cellular subscriptions (per 100 people),4.873723405,IND_31
Sri Lanka,2001,Mobile cellular subscriptions (per 100 people),3.528817631,IND_31
Sri Lanka,2000,Mobile cellular subscriptions (per 100 people),2.291188217,IND_31
Sri Lanka,1999,Mobile cellular subscriptions (per 100 people),1.374661758,IND_31
Sri Lanka,1998,Mobile cellular subscriptions (per 100 people),0.938548009,IND_31
Sri Lanka,1997,Mobile cellular subscriptions (per 100 people),0.622728788,IND_31
Sri Lanka,1996,Mobile cellular subscriptions (per 100 people),0.387659854,IND_31
Sri Lanka,1995,Mobile cellular subscriptions (per 100 people),0.282303929,IND_31
Sri Lanka,1994,Mobile cellular subscriptions (per 100 people),0.162016515,IND_31
Sri Lanka,1993,Mobile cellular subscriptions (per 100 people),0.082392688,IND_31
Sri Lanka,1992,Mobile cellular subscriptions (per 100 people),0.015001881,IND_31
Sri Lanka,1991,Mobile cellular subscriptions (per 100 people),0.01033497,IND_31
Sri Lanka,1990,Mobile cellular subscriptions (per 100 people),0.005870696,IND_31
Sri Lanka,1989,Mobile cellular subscriptions (per 100 people),0.0,IND_31
Sri Lanka,1988,Mobile cellular subscriptions (per 100 people),0.0,IND_31
Sri Lanka,1987,Mobile cellular subscriptions (per 100 people),0.0,IND_31
Sri Lanka,1986,Mobile cellular subscriptions (per 100 people),0.0,IND_31
Sri Lanka,1985,Mobile cellular subscriptions (per 100 people),0.0,IND_31
Sri Lanka,1984,Mobile cellular subscriptions (per 100 people),0.0,IND_31
Sri Lanka,1983,Mobile cellular subscriptions (per 100 people),0.0,IND_31
Sri Lanka,1982,Mobile cellular subscriptions (per 100 people),0.0,IND_31
Sri Lanka,1981,Mobile cellular subscriptions (per 100 people),0.0,IND_31
Sri Lanka,1980,Mobile cellular subscriptions (per 100 people),0.0,IND_31
Sri Lanka,1979,Mobile cellular subscriptions (per 100 people),0.0,IND_31
Sri Lanka,1978,Mobile cellular subscriptions (per 100 people),0.0,IND_31
Sri Lanka,1977,Mobile cellular subscriptions (per 100 people),0.0,IND_31
Sri Lanka,1976,Mobile cellular subscriptions (per 100 people),0.0,IND_31
Sri Lanka,1975,Mobile cellular subscriptions (per 100 people),0.0,IND_31
Sri Lanka,1970,Mobile cellular subscriptions (per 100 people),0.0,IND_31
Sri Lanka,1965,Mobile cellular subscriptions (per 100 people),0.0,IND_31
Sri Lanka,1960,Mobile cellular subscriptions (per 100 people),0.0,IND_31
Sri Lanka,2023,Fixed telephone subscriptions,1706640.0,IND_32
Sri Lanka,2022,Fixed telephone subscriptions,2582150.0,IND_32
Sri Lanka,2021,Fixed telephone subscriptions,2869190.0,IND_32
Sri Lanka,2020,Fixed telephone subscriptions,2607870.0,IND_32
Sri Lanka,2019,Fixed telephone subscriptions,2291460.0,IND_32
Sri Lanka,2018,Fixed telephone subscriptions,2473880.0,IND_32
Sri Lanka,2017,Fixed telephone subscriptions,2603180.0,IND_32
Sri Lanka,2016,Fixed telephone subscriptions,2479800.0,IND_32
Sri Lanka,2015,Fixed telephone subscriptions,3287680.0,IND_32
Sri Lanka,2014,Fixed telephone subscriptions,2709850.0,IND_32
Sri Lanka,2013,Fixed telephone subscriptions,2706790.0,IND_32
Sri Lanka,2012,Fixed telephone subscriptions,3449390.0,IND_32
Sri Lanka,2011,Fixed telephone subscriptions,3608390.0,IND_32
Sri Lanka,2010,Fixed telephone subscriptions,3578460.0,IND_32
Sri Lanka,2009,Fixed telephone subscriptions,3435960.0,IND_32
Sri Lanka,2008,Fixed telephone subscriptions,3446410.0,IND_32
Sri Lanka,2007,Fixed telephone subscriptions,2742060.0,IND_32
Sri Lanka,2006,Fixed telephone subscriptions,1884080.0,IND_32
Sri Lanka,2005,Fixed telephone subscriptions,1243990.0,IND_32
Sri Lanka,2004,Fixed telephone subscriptions,991239.0,IND_32
Sri Lanka,2003,Fixed telephone subscriptions,939013.0,IND_32
Sri Lanka,2002,Fixed telephone subscriptions,883108.0,IND_32
Sri Lanka,2001,Fixed telephone subscriptions,827195.0,IND_32
Sri Lanka,2000,Fixed telephone subscriptions,767411.0,IND_32
Sri Lanka,1999,Fixed telephone subscriptions,669113.0,IND_32
Sri Lanka,1998,Fixed telephone subscriptions,523529.0,IND_32
Sri Lanka,1997,Fixed telephone subscriptions,341622.0,IND_32
Sri Lanka,1996,Fixed telephone subscriptions,255049.0,IND_32
Sri Lanka,1995,Fixed telephone subscriptions,204350.0,IND_32
Sri Lanka,1994,Fixed telephone subscriptions,180724.0,IND_32
Sri Lanka,1993,Fixed telephone subscriptions,157774.0,IND_32
Sri Lanka,1992,Fixed telephone subscriptions,135504.0,IND_32
Sri Lanka,1991,Fixed telephone subscriptions,125834.0,IND_32
Sri Lanka,1990,Fixed telephone subscriptions,121388.0,IND_32
Sri Lanka,1989,Fixed telephone subscriptions,105483.0,IND_32
Sri Lanka,1988,Fixed telephone subscriptions,103521.0,IND_32
Sri Lanka,1987,Fixed telephone subscriptions,97333.0,IND_32
Sri Lanka,1986,Fixed telephone subscriptions,92065.0,IND_32
Sri Lanka,1985,Fixed telephone subscriptions,87686.0,IND_32
Sri Lanka,1984,Fixed telephone subscriptions,80770.0,IND_32
Sri Lanka,1983,Fixed telephone subscriptions,73500.0,IND_32
Sri Lanka,1982,Fixed telephone subscriptions,70381.0,IND_32
Sri Lanka,1981,Fixed telephone subscriptions,66013.0,IND_32
Sri Lanka,1980,Fixed telephone subscriptions,54200.0,IND_32
Sri Lanka,1979,Fixed telephone subscriptions,47400.0,IND_32
Sri Lanka,1978,Fixed telephone subscriptions,45700.0,IND_32
Sri Lanka,1977,Fixed telephone subscriptions,44625.0,IND_32
Sri Lanka,1976,Fixed telephone subscriptions,43550.0,IND_32
Sri Lanka,1975,Fixed telephone subscriptions,42500.0,IND_32
Sri Lanka,1974,Fixed telephone subscriptions,37100.0,IND_32
Sri Lanka,1973,Fixed telephone subscriptions,37100.0,IND_32
Sri Lanka,1972,Fixed telephone subscriptions,37100.0,IND_32
Sri Lanka,1971,Fixed telephone subscriptions,37100.0,IND_32
Sri Lanka,1970,Fixed telephone subscriptions,37100.0,IND_32
Sri Lanka,1969,Fixed telephone subscriptions,27700.0,IND_32
Sri Lanka,1968,Fixed telephone subscriptions,27700.0,IND_32
Sri Lanka,1967,Fixed telephone subscriptions,27700.0,IND_32
Sri Lanka,1966,Fixed telephone subscriptions,27700.0,IND_32
Sri Lanka,1965,Fixed telephone subscriptions,27700.0,IND_32
Sri Lanka,1964,Fixed telephone subscriptions,22772.0,IND_32
Sri Lanka,1963,Fixed telephone subscriptions,22772.0,IND_32
Sri Lanka,1962,Fixed telephone subscriptions,22772.0,IND_32
Sri Lanka,1961,Fixed telephone subscriptions,22772.0,IND_32
Sri Lanka,1960,Fixed telephone subscriptions,22772.0,IND_32
Sri Lanka,2023,Fixed telephone subscriptions (per 100 people),7.43,IND_33
Sri Lanka,2022,Fixed telephone subscriptions (per 100 people),11.3,IND_33
Sri Lanka,2021,Fixed telephone subscriptions (per 100 people),12.6,IND_33
Sri Lanka,2020,Fixed telephone subscriptions (per 100 people),11.6,IND_33
Sri Lanka,2019,Fixed telephone subscriptions (per 100 people),10.2,IND_33
Sri Lanka,2018,Fixed telephone subscriptions (per 100 people),11.1,IND_33
Sri Lanka,2017,Fixed telephone subscriptions (per 100 people),11.8,IND_33
Sri Lanka,2016,Fixed telephone subscriptions (per 100 people),11.3,IND_33
Sri Lanka,2015,Fixed telephone subscriptions (per 100 people),15.1,IND_33
Sri Lanka,2014,Fixed telephone subscriptions (per 100 people),12.6,IND_33
Sri Lanka,2013,Fixed telephone subscriptions (per 100 people),12.7,IND_33
Sri Lanka,2012,Fixed telephone subscriptions (per 100 people),16.3,IND_33
Sri Lanka,2011,Fixed telephone subscriptions (per 100 people),17.2,IND_33
Sri Lanka,2010,Fixed telephone subscriptions (per 100 people),17.1,IND_33
Sri Lanka,2009,Fixed telephone subscriptions (per 100 people),16.6,IND_33
Sri Lanka,2008,Fixed telephone subscriptions (per 100 people),16.7,IND_33
Sri Lanka,2007,Fixed telephone subscriptions (per 100 people),13.4,IND_33
Sri Lanka,2006,Fixed telephone subscriptions (per 100 people),9.26,IND_33
Sri Lanka,2005,Fixed telephone subscriptions (per 100 people),6.15,IND_33
Sri Lanka,2004,Fixed telephone subscriptions (per 100 people),4.93,IND_33
Sri Lanka,2003,Fixed telephone subscriptions (per 100 people),4.71,IND_33
Sri Lanka,2002,Fixed telephone subscriptions (per 100 people),4.46,IND_33
Sri Lanka,2001,Fixed telephone subscriptions (per 100 people),4.22,IND_33
Sri Lanka,2000,Fixed telephone subscriptions (per 100 people),3.98,IND_33
Sri Lanka,1999,Fixed telephone subscriptions (per 100 people),3.53,IND_33
Sri Lanka,1998,Fixed telephone subscriptions (per 100 people),2.82,IND_33
Sri Lanka,1997,Fixed telephone subscriptions (per 100 people),1.87,IND_33
Sri Lanka,1996,Fixed telephone subscriptions (per 100 people),1.42,IND_33
Sri Lanka,1995,Fixed telephone subscriptions (per 100 people),1.16,IND_33
Sri Lanka,1994,Fixed telephone subscriptions (per 100 people),1.05,IND_33
Sri Lanka,1993,Fixed telephone subscriptions (per 100 people),0.927,IND_33
Sri Lanka,1992,Fixed telephone subscriptions (per 100 people),0.809,IND_33
Sri Lanka,1991,Fixed telephone subscriptions (per 100 people),0.764,IND_33
Sri Lanka,1990,Fixed telephone subscriptions (per 100 people),0.742,IND_33
Sri Lanka,1989,Fixed telephone subscriptions (per 100 people),0.620832432,IND_33
Sri Lanka,1988,Fixed telephone subscriptions (per 100 people),0.617161257,IND_33
Sri Lanka,1987,Fixed telephone subscriptions (per 100 people),0.588216489,IND_33
Sri Lanka,1986,Fixed telephone subscriptions (per 100 people),0.564193089,IND_33
Sri Lanka,1985,Fixed telephone subscriptions (per 100 people),0.544892855,IND_33
Sri Lanka,1984,Fixed telephone subscriptions (per 100 people),0.508865038,IND_33
Sri Lanka,1983,Fixed telephone subscriptions (per 100 people),0.469395359,IND_33
Sri Lanka,1982,Fixed telephone subscriptions (per 100 people),0.45587231,IND_33
Sri Lanka,1981,Fixed telephone subscriptions (per 100 people),0.43432697,IND_33
Sri Lanka,1980,Fixed telephone subscriptions (per 100 people),0.362696006,IND_33
Sri Lanka,1979,Fixed telephone subscriptions (per 100 people),0.322879771,IND_33
Sri Lanka,1978,Fixed telephone subscriptions (per 100 people),0.317034917,IND_33
Sri Lanka,1977,Fixed telephone subscriptions (per 100 people),0.315169405,IND_33
Sri Lanka,1976,Fixed telephone subscriptions (per 100 people),0.313080286,IND_33
Sri Lanka,1975,Fixed telephone subscriptions (per 100 people),0.311061933,IND_33
Sri Lanka,1974,Fixed telephone subscriptions (per 100 people),0.297139,IND_33
Sri Lanka,1973,Fixed telephone subscriptions (per 100 people),0.297139,IND_33
Sri Lanka,1972,Fixed telephone subscriptions (per 100 people),0.297139,IND_33
Sri Lanka,1971,Fixed telephone subscriptions (per 100 people),0.297139,IND_33
Sri Lanka,1970,Fixed telephone subscriptions (per 100 people),0.299464781,IND_33
Sri Lanka,1969,Fixed telephone subscriptions (per 100 people),0.249307,IND_33
Sri Lanka,1968,Fixed telephone subscriptions (per 100 people),0.249307,IND_33
Sri Lanka,1967,Fixed telephone subscriptions (per 100 people),0.249307,IND_33
Sri Lanka,1966,Fixed telephone subscriptions (per 100 people),0.249307,IND_33
Sri Lanka,1965,Fixed telephone subscriptions (per 100 people),0.251014388,IND_33
Sri Lanka,1964,Fixed telephone subscriptions (per 100 people),0.230615,IND_33
Sri Lanka,1963,Fixed telephone subscriptions (per 100 people),0.230615,IND_33
Sri Lanka,1962,Fixed telephone subscriptions (per 100 people),0.230615,IND_33
Sri Lanka,1961,Fixed telephone subscriptions (per 100 people),0.230615,IND_33
Sri Lanka,1960,Fixed telephone subscriptions (per 100 people),0.232750388,IND_33
Sri Lanka,2023,Fixed broadband subscriptions,2010000.0,IND_34
Sri Lanka,2022,Fixed broadband subscriptions,2200000.0,IND_34
Sri Lanka,2021,Fixed broadband subscriptions,2390000.0,IND_34
Sri Lanka,2020,Fixed broadband subscriptions,1780000.0,IND_34
Sri Lanka,2019,Fixed broadband subscriptions,1670000.0,IND_34
Sri Lanka,2018,Fixed broadband subscriptions,1540000.0,IND_34
Sri Lanka,2017,Fixed broadband subscriptions,1220000.0,IND_34
Sri Lanka,2016,Fixed broadband subscriptions,892000.0,IND_34
Sri Lanka,2015,Fixed broadband subscriptions,626000.0,IND_34
Sri Lanka,2014,Fixed broadband subscriptions,568000.0,IND_34
Sri Lanka,2013,Fixed broadband subscriptions,424000.0,IND_34
Sri Lanka,2012,Fixed broadband subscriptions,354000.0,IND_34
Sri Lanka,2011,Fixed broadband subscriptions,359000.0,IND_34
Sri Lanka,2010,Fixed broadband subscriptions,228000.0,IND_34
Sri Lanka,2009,Fixed broadband subscriptions,170000.0,IND_34
Sri Lanka,2008,Fixed broadband subscriptions,102000.0,IND_34
Sri Lanka,2007,Fixed broadband subscriptions,63300.0,IND_34
Sri Lanka,2006,Fixed broadband subscriptions,22900.0,IND_34
Sri Lanka,2005,Fixed broadband subscriptions,21000.0,IND_34
Sri Lanka,2004,Fixed broadband subscriptions,20500.0,IND_34
Sri Lanka,2003,Fixed broadband subscriptions,3420.0,IND_34
Sri Lanka,2002,Fixed broadband subscriptions,592.0,IND_34
Sri Lanka,2001,Fixed broadband subscriptions,327.0,IND_34
Sri Lanka,2023,Fixed broadband subscriptions (per 100 people),8.76545,IND_35
Sri Lanka,2022,Fixed broadband subscriptions (per 100 people),9.6361,IND_35
Sri Lanka,2021,Fixed broadband subscriptions (per 100 people),10.5401,IND_35
Sri Lanka,2020,Fixed broadband subscriptions (per 100 people),7.89622,IND_35
Sri Lanka,2019,Fixed broadband subscriptions (per 100 people),7.43541,IND_35
Sri Lanka,2018,Fixed broadband subscriptions (per 100 people),6.93976,IND_35
Sri Lanka,2017,Fixed broadband subscriptions (per 100 people),5.52576,IND_35
Sri Lanka,2016,Fixed broadband subscriptions (per 100 people),4.0719,IND_35
Sri Lanka,2015,Fixed broadband subscriptions (per 100 people),2.88043,IND_35
Sri Lanka,2014,Fixed broadband subscriptions (per 100 people),2.63419,IND_35
Sri Lanka,2013,Fixed broadband subscriptions (per 100 people),1.9868,IND_35
Sri Lanka,2012,Fixed broadband subscriptions (per 100 people),1.67222,IND_35
Sri Lanka,2011,Fixed broadband subscriptions (per 100 people),1.70879,IND_35
Sri Lanka,2010,Fixed broadband subscriptions (per 100 people),1.09352,IND_35
Sri Lanka,2009,Fixed broadband subscriptions (per 100 people),0.817096,IND_35
Sri Lanka,2008,Fixed broadband subscriptions (per 100 people),0.494062,IND_35
Sri Lanka,2007,Fixed broadband subscriptions (per 100 people),0.308712,IND_35
Sri Lanka,2006,Fixed broadband subscriptions (per 100 people),0.112493,IND_35
Sri Lanka,2005,Fixed broadband subscriptions (per 100 people),0.103875,IND_35
Sri Lanka,2004,Fixed broadband subscriptions (per 100 people),0.101804,IND_35
Sri Lanka,2003,Fixed broadband subscriptions (per 100 people),0.0171265,IND_35
Sri Lanka,2002,Fixed broadband subscriptions (per 100 people),0.00298903,IND_35
Sri Lanka,2001,Fixed broadband subscriptions (per 100 people),0.00166834,IND_35
Sri Lanka,2023,Secure Internet servers,10630.0,IND_36
Sri Lanka,2022,Secure Internet servers,10792.0,IND_36
Sri Lanka,2021,Secure Internet servers,10690.0,IND_36
Sri Lanka,2020,Secure Internet servers,8422.0,IND_36
Sri Lanka,2019,Secure Internet servers,7161.0,IND_36
Sri Lanka,2018,Secure Internet servers,8937.0,IND_36
Sri Lanka,2017,Secure Internet servers,6545.0,IND_36
Sri Lanka,2016,Secure Internet servers,1507.0,IND_36
Sri Lanka,2015,Secure Internet servers,439.0,IND_36
Sri Lanka,2014,Secure Internet servers,331.0,IND_36
Sri Lanka,2013,Secure Internet servers,238.0,IND_36
Sri Lanka,2012,Secure Internet servers,189.0,IND_36
Sri Lanka,2011,Secure Internet servers,106.0,IND_36
Sri Lanka,2010,Secure Internet servers,72.0,IND_36
Sri Lanka,2023,Secure Internet servers (per 1 million people),482.3705586,IND_37
Sri Lanka,2022,Secure Internet servers (per 1 million people),486.5425364,IND_37
Sri Lanka,2021,Secure Internet servers (per 1 million people),482.4878137,IND_37
Sri Lanka,2020,Secure Internet servers (per 1 million people),384.2328573,IND_37
Sri Lanka,2019,Secure Internet servers (per 1 million people),328.4410402,IND_37
Sri Lanka,2018,Secure Internet servers (per 1 million people),412.4134749,IND_37
Sri Lanka,2017,Secure Internet servers (per 1 million people),305.2135796,IND_37
Sri Lanka,2016,Secure Internet servers (per 1 million people),71.05474091,IND_37
Sri Lanka,2015,Secure Internet servers (per 1 million people),20.93466857,IND_37
Sri Lanka,2014,Secure Internet servers (per 1 million people),15.93031091,IND_37
Sri Lanka,2013,Secure Internet servers (per 1 million people),11.56181686,IND_37
Sri Lanka,2012,Secure Internet servers (per 1 million people),8.927956493,IND_37
Sri Lanka,2011,Secure Internet servers (per 1 million people),5.045445182,IND_37
Sri Lanka,2010,Secure Internet servers (per 1 million people),3.448426318,IND_37
Sri Lanka,2021,"Individuals using the Internet, female (% of female population)",41.3885,IND_38
Sri Lanka,2020,"Individuals using the Internet, female (% of female population)",32.4864,IND_38
Sri Lanka,2021,"Individuals using the Internet, male (% of male population)",47.8577,IND_39
Sri Lanka,2020,"Individuals using the Internet, male (% of male population)",40.2566,IND_39
Sri Lanka,2023,Individuals using the Internet (% of population),51.2,IND_40
Sri Lanka,2022,Individuals using the Internet (% of population),48.3,IND_40
Sri Lanka,2021,Individuals using the Internet (% of population),44.5,IND_40
Sri Lanka,2020,Individuals using the Internet (% of population),36.2,IND_40
Sri Lanka,2019,Individuals using the Internet (% of population),32.0,IND_40
Sri Lanka,2018,Individuals using the Internet (% of population),28.3,IND_40
Sri Lanka,2017,Individuals using the Internet (% of population),25.1,IND_40
Sri Lanka,2016,Individuals using the Internet (% of population),22.2,IND_40
Sri Lanka,2015,Individuals using the Internet (% of population),15.3,IND_40
Sri Lanka,2014,Individuals using the Internet (% of population),10.5,IND_40
Sri Lanka,2007,Individuals using the Internet (% of population),3.88,IND_40
Sri Lanka,2006,Individuals using the Internet (% of population),2.54,IND_40
Sri Lanka,2005,Individuals using the Internet (% of population),1.79,IND_40
Sri Lanka,2004,Individuals using the Internet (% of population),1.45,IND_40
Sri Lanka,2003,Individuals using the Internet (% of population),1.46,IND_40
Sri Lanka,2002,Individuals using the Internet (% of population),1.05,IND_40
Sri Lanka,2001,Individuals using the Internet (% of population),0.794,IND_40
Sri Lanka,2000,Individuals using the Internet (% of population),0.647,IND_40
Sri Lanka,1999,Individuals using the Internet (% of population),0.348,IND_40
Sri Lanka,1998,Individuals using the Internet (% of population),0.296,IND_40
Sri Lanka,1997,Individuals using the Internet (% of population),0.162,IND_40
Sri Lanka,1996,Individuals using the Internet (% of population),0.0545,IND_40
Sri Lanka,1995,Individuals using the Internet (% of population),0.00548,IND_40
Sri Lanka,1994,Individuals using the Internet (% of population),0.00277,IND_40
Sri Lanka,1990,Individuals using the Internet (% of population),0.0,IND_40
Sri Lanka,2022,ICT goods imports (% total goods imports),3.01,IND_41
Sri Lanka,2021,ICT goods imports (% total goods imports),6.2,IND_41
Sri Lanka,2020,ICT goods imports (% total goods imports),5.36,IND_41
Sri Lanka,2019,ICT goods imports (% total goods imports),4.64,IND_41
Sri Lanka,2017,ICT goods imports (% total goods imports),4.73,IND_41
Sri Lanka,2016,ICT goods imports (% total goods imports),4.95,IND_41
Sri Lanka,2015,ICT goods imports (% total goods imports),4.22,IND_41
Sri Lanka,2014,ICT goods imports (% total goods imports),3.39,IND_41
Sri Lanka,2013,ICT goods imports (% total goods imports),3.78,IND_41
Sri Lanka,2012,ICT goods imports (% total goods imports),3.72,IND_41
Sri Lanka,2011,ICT goods imports (% total goods imports),3.54,IND_41
Sri Lanka,2010,ICT goods imports (% total goods imports),2.95,IND_41
Sri Lanka,2009,ICT goods imports (% total goods imports),3.23,IND_41
Sri Lanka,2008,ICT goods imports (% total goods imports),4.16,IND_41
Sri Lanka,2007,ICT goods imports (% total goods imports),3.84,IND_41
Sri Lanka,2006,ICT goods imports (% total goods imports),5.18,IND_41
Sri Lanka,2005,ICT goods imports (% total goods imports),4.88,IND_41
Sri Lanka,2004,ICT goods imports (% total goods imports),4.17,IND_41
Sri Lanka,2003,ICT goods imports (% total goods imports),4.64,IND_41
Sri Lanka,2002,ICT goods imports (% total goods imports),3.33,IND_41
Sri Lanka,2001,ICT goods imports (% total goods imports),3.5,IND_41
Sri Lanka,2000,ICT goods imports (% total goods imports),4.48,IND_41
Sri Lanka,2022,ICT goods exports (% of total goods exports),0.19,IND_42
Sri Lanka,2021,ICT goods exports (% of total goods exports),0.2,IND_42
Sri Lanka,2020,ICT goods exports (% of total goods exports),0.26,IND_42
Sri Lanka,2019,ICT goods exports (% of total goods exports),0.31,IND_42
Sri Lanka,2017,ICT goods exports (% of total goods exports),0.56,IND_42
Sri Lanka,2016,ICT goods exports (% of total goods exports),0.39,IND_42
Sri Lanka,2015,ICT goods exports (% of total goods exports),0.35,IND_42
Sri Lanka,2014,ICT goods exports (% of total goods exports),0.62,IND_42
Sri Lanka,2013,ICT goods exports (% of total goods exports),0.3,IND_42
Sri Lanka,2012,ICT goods exports (% of total goods exports),0.5,IND_42
Sri Lanka,2011,ICT goods exports (% of total goods exports),0.39,IND_42
Sri Lanka,2010,ICT goods exports (% of total goods exports),0.46,IND_42
Sri Lanka,2009,ICT goods exports (% of total goods exports),0.34,IND_42
Sri Lanka,2008,ICT goods exports (% of total goods exports),0.8,IND_42
Sri Lanka,2007,ICT goods exports (% of total goods exports),1.13,IND_42
Sri Lanka,2006,ICT goods exports (% of total goods exports),0.74,IND_42
Sri Lanka,2005,ICT goods exports (% of total goods exports),1.09,IND_42
Sri Lanka,2004,ICT goods exports (% of total goods exports),1.37,IND_42
Sri Lanka,2003,ICT goods exports (% of total goods exports),1.59,IND_42
Sri Lanka,2002,ICT goods exports (% of total goods exports),1.41,IND_42
Sri Lanka,2001,ICT goods exports (% of total goods exports),2.1,IND_42
Sri Lanka,2000,ICT goods exports (% of total goods exports),2.79,IND_42
Sri Lanka,2005,Personal computers (per 100 people),3.755438479,IND_43
Sri Lanka,2004,Personal computers (per 100 people),2.731963791,IND_43
Sri Lanka,2003,Personal computers (per 100 people),1.690591836,IND_43
Sri Lanka,2002,Personal computers (per 100 people),1.311476648,IND_43
Sri Lanka,2001,Personal computers (per 100 people),0.92535162,IND_43
Sri Lanka,2000,Personal computers (per 100 people),0.71894168,IND_43
Sri Lanka,1999,Personal computers (per 100 people),0.562601952,IND_43
Sri Lanka,1998,Personal computers (per 100 people),0.484793666,IND_43
Sri Lanka,1997,Personal computers (per 100 people),0.411458023,IND_43
Sri Lanka,1996,Personal computers (per 100 people),0.326667715,IND_43
Sri Lanka,1995,Personal computers (per 100 people),0.10963162,IND_43
Sri Lanka,1994,Personal computers (per 100 people),0.09395132,IND_43
Sri Lanka,1993,Personal computers (per 100 people),0.072525123,IND_43
Sri Lanka,1992,Personal computers (per 100 people),0.056379889,IND_43
Sri Lanka,1991,Personal computers (per 100 people),0.034215857,IND_43
Sri Lanka,1990,Personal computers (per 100 people),0.017315245,IND_43
